Location,prov,Longitude,Latitude,RL50 (NBCC),RL50 (kPa),CF_0.5C ,CF_1.0C ,CF_1.5C ,CF_2.0C ,CF_2.5C ,CF_3.0C ,CF_3.5C 
100 Mile House,BC,-121.283,51.65,0.3,0.1,1.058,1.068,1.091,1.153,1.193,1.222,1.239
Abbotsford,BC,-122.329,49.052,0.3,0.9,0.944,0.858,0.734,0.633,0.549,0.462,0.389
Agassiz,BC,-121.77,49.23,0.7,0.8,0.995,0.979,0.964,0.931,0.902,0.826,0.752
Alberni,BC,-124.8,49.27,0.4,0.7,0.886,0.789,0.704,0.625,0.548,0.48,0.407
Ashcroft,BC,-121.28,50.72,0.1,0.1,1.07,1.106,1.154,1.207,1.25,1.283,1.291
Bamfield,BC,-125.13,48.83,0.4,0.7,0.835,0.718,0.629,0.538,0.455,0.396,0.338
Beatton River,BC,-121.4,57.38,0.1,0.1,1.031,1.061,1.049,1.05,1.041,1.049,1.089
Bella Bella,BC,-128.14,52.16,0.8,0.9,0.89,0.783,0.67,0.555,0.459,0.366,0.295
Bella Coola,BC,-126.75,52.37,0.8,0.5,1.01,0.989,0.996,0.981,0.952,0.911,0.838
Burns Lake,BC,-125.75,54.23,0.2,0.2,1.073,1.102,1.136,1.159,1.169,1.182,1.187
Cache Creek,BC,-121.32,50.8,0.2,0.1,1.078,1.117,1.17,1.224,1.265,1.302,1.311
Campbell River,BC,-125.24,50.02,0.4,0.7,0.972,0.902,0.85,0.768,0.685,0.596,0.508
Carmi,BC,-119.12,49.5,0.2,0.2,1.037,1.079,1.122,1.167,1.205,1.223,1.23
Castlegar,BC,-117.67,49.32,0.1,0.5,1.024,1.052,1.082,1.113,1.126,1.131,1.116
Chetwynd,BC,-121.63,55.7,0.2,0.1,1.05,1.071,1.07,1.057,1.048,1.066,1.079
Chilliwack,BC,-121.95,49.167,0.3,0.8,0.976,0.932,0.875,0.817,0.769,0.687,0.614
Comox,BC,-124.93,49.68,0.4,0.7,0.92,0.841,0.777,0.7,0.621,0.545,0.461
Courtenay,BC,-124.98,49.68,0.4,0.7,0.92,0.841,0.777,0.7,0.621,0.545,0.461
Cranbrook,BC,-115.77,49.5,0.2,0.3,1.005,0.988,0.994,1.007,1.005,1.007,0.985
Crescent Valley,BC,-117.55,49.45,0.1,0.5,1.019,1.046,1.08,1.113,1.123,1.131,1.116
Crofton,BC,-123.65,48.87,0.2,0.7,0.873,0.783,0.703,0.62,0.558,0.496,0.441
Dawson Creek,BC,-120.23,55.77,0.2,0.1,1.044,1.104,1.135,1.152,1.154,1.167,1.185
Dease Lake ,BC,-130,58.44,0.1,0.1,1.033,1.067,1.083,1.128,1.155,1.183,1.213
Dog Creek,BC,-122.3,51.58,0.2,0.1,1.05,1.091,1.151,1.234,1.285,1.33,1.382
Duncan,BC,-123.7,48.78,0.4,0.8,0.875,0.788,0.726,0.647,0.575,0.52,0.463
Elko,BC,-115.12,49.3,0.2,0.2,1.027,1.021,0.999,0.986,0.958,0.958,0.936
Fernie,BC,-115.07,49.5,0.2,0.2,1.024,1.007,0.985,0.974,0.942,0.93,0.904
Fort Nelson,BC,-122.7,58.83,0.1,0.1,1.03,1.07,1.058,1.08,1.061,1.056,1.067
Fort St. John,BC,-120.85,56.25,0.1,0.1,1.088,1.157,1.199,1.193,1.188,1.185,1.218
Glacier,BC,-117.52,51.27,0.2,0.3,0.996,1.026,1.067,1.086,1.084,1.054,1.055
Gold River ,BC,-126.05,49.78,0.6,0.6,0.916,0.816,0.734,0.635,0.541,0.46,0.383
Golden,BC,-116.97,51.3,0.2,0.2,0.992,1.036,1.104,1.102,1.085,1.021,1.022
Grand Forks,BC,-118.45,49.03,0.1,0.4,1.029,1.064,1.097,1.122,1.144,1.137,1.125
Greenwood,BC,-118.68,49.1,0.1,0.3,1.035,1.074,1.116,1.147,1.174,1.17,1.163
Hope,BC,-121.44,49.38,0.7,0.8,1.008,1.012,1.022,1.013,1.008,0.955,0.901
Jordan River ,BC,-124.05,48.42,0.4,0.8,0.867,0.774,0.707,0.626,0.554,0.497,0.441
Kamloops,BC,-120.32,50.67,0.2,0.2,1.041,1.082,1.11,1.16,1.192,1.208,1.217
Kaslo,BC,-116.92,49.92,0.1,0.3,1.003,1.041,1.053,1.054,1.059,1.069,1.05
Kelowna,BC,-119.48,49.88,0.1,0.2,1.05,1.092,1.126,1.149,1.185,1.191,1.192
Kimberley,BC,-115.98,49.68,0.2,0.2,1.009,0.985,1,1.011,1.014,1.013,0.988
Kitimat Plant,BC,-128.63,54.05,0.8,1,1.001,0.992,0.985,0.957,0.915,0.849,0.775
Kitimat Townsite,BC,-128.65,54.07,0.8,1,1.003,0.995,0.987,0.958,0.915,0.851,0.779
Ladysmith,BC,-123.82,48.99,0.4,0.8,0.873,0.78,0.714,0.626,0.55,0.487,0.426
Langford,BC,-123.5,48.45,0.3,0.4,0.921,0.859,0.809,0.756,0.695,0.645,0.591
Lillooet,BC,-121.93,50.68,0.1,0.1,1.059,1.097,1.162,1.218,1.257,1.292,1.298
Lytton,BC,-121.57,50.23,0.3,0.4,1.035,1.057,1.091,1.14,1.176,1.191,1.181
Mackenzie,BC,-123.08,55.3,0.2,0.2,1.051,1.079,1.065,1.069,1.05,1.074,1.076
Masset,BC,-132.1,54.02,0.4,0.5,0.852,0.745,0.653,0.571,0.475,0.416,0.364
McBride,BC,-120.17,53.3,0.2,0.2,0.996,1.022,1.026,1.025,1.023,1.024,1.007
McLeod Lake,BC,-123.03,54.98,0.2,0.2,1.041,1.066,1.067,1.08,1.078,1.098,1.087
Merritt,BC,-120.783,50.1,0.3,0.2,1.065,1.094,1.125,1.17,1.214,1.208,1.201
Mission City,BC,-122.3,49.13,0.3,1,0.95,0.867,0.746,0.646,0.564,0.475,0.401
Montrose,BC,-117.58,49.08,0.1,0.4,1.021,1.041,1.06,1.087,1.101,1.104,1.093
Nakusp,BC,-117.8,50.23,0.1,0.4,1.026,1.069,1.113,1.129,1.123,1.139,1.124
Nanaimo,BC,-123.93,49.17,0.4,0.6,0.89,0.797,0.72,0.637,0.562,0.492,0.424
Nelson,BC,-117.28,49.48,0.1,0.5,1.009,1.035,1.063,1.09,1.096,1.107,1.086
Ocean Falls,BC,-127.7,52.35,0.8,0.9,0.951,0.87,0.774,0.677,0.587,0.495,0.402
Osoyoos,BC,-119.5,49.03,0.1,0.2,1.033,1.073,1.122,1.164,1.21,1.229,1.238
Parksville,BC,-124.33,49.32,0.4,0.6,0.906,0.813,0.727,0.647,0.571,0.494,0.42
Penticton,BC,-119.58,49.5,0.1,0.2,1.035,1.079,1.13,1.159,1.204,1.216,1.232
Port Alberni,BC,-124.8,49.233,0.4,0.7,0.88,0.781,0.697,0.617,0.538,0.472,0.399
Port Alice ,BC,-127.45,50.38,0.4,0.5,0.844,0.71,0.607,0.501,0.423,0.341,0.288
Port Hardy,BC,-127.42,50.7,0.4,0.6,0.886,0.767,0.667,0.564,0.48,0.383,0.313
Port McNeill,BC,-127.1,50.58,0.4,0.6,0.887,0.771,0.673,0.567,0.48,0.389,0.323
Port Renfrew ,BC,-124.4,48.56,0.4,0.6,0.853,0.749,0.678,0.583,0.508,0.447,0.394
Powell River,BC,-124.52,49.83,0.4,0.9,0.956,0.897,0.85,0.777,0.699,0.605,0.51
Prince George,BC,-122.75,53.92,0.2,0.2,1.04,1.071,1.118,1.142,1.158,1.161,1.159
Prince Rupert,BC,-130.32,54.32,0.4,0.9,0.912,0.81,0.704,0.587,0.493,0.41,0.349
Princeton,BC,-120.51,49.5,0.6,0.2,1.026,1.043,1.086,1.111,1.144,1.128,1.128
Qualicum Beach,BC,-124.45,49.35,0.4,0.6,0.905,0.812,0.727,0.646,0.569,0.493,0.418
Queen Charlotte City,BC,-132.08,53.26,0.4,0.5,0.823,0.674,0.564,0.473,0.385,0.335,0.291
Quesnel,BC,-122.48,52.98,0.1,0.2,1.028,1.058,1.087,1.134,1.168,1.185,1.199
Revelstoke,BC,-118.2,50.98,0.1,0.4,1.046,1.076,1.096,1.117,1.127,1.132,1.116
Salmon Arm,BC,-119.28,50.7,0.1,0.3,1.033,1.072,1.083,1.114,1.118,1.129,1.13
Sandspit,BC,-131.82,53.25,0.4,0.5,0.823,0.674,0.564,0.473,0.385,0.335,0.291
Sechelt,BC,-123.75,49.47,0.4,0.6,0.952,0.876,0.798,0.713,0.634,0.537,0.456
Sidney,BC,-123.4,48.65,0.2,0.6,0.889,0.813,0.738,0.658,0.585,0.529,0.47
Smith River,BC,-126.43,59.88,0.1,0.1,1.033,1.014,1.018,0.978,0.952,0.944,0.959
Smithers,BC,-127.167,54.783,0.2,0.2,1.032,1.054,1.057,1.085,1.094,1.116,1.146
Sooke,BC,-123.72,48.38,0.3,0.6,0.905,0.834,0.773,0.717,0.655,0.603,0.551
Squamish,BC,-123.15,49.7,0.7,1.1,0.992,0.952,0.911,0.859,0.804,0.728,0.662
Stewart,BC,-129.98,55.93,0.8,0.7,1.022,1.03,1.038,1.052,1.058,1.046,1.025
Tahsis,BC,-126.65,49.93,0.4,0.7,0.882,0.769,0.676,0.571,0.484,0.403,0.34
Taylor,BC,-120.69,56.2,0.1,0.1,1.083,1.153,1.193,1.191,1.187,1.187,1.22
Terrace,BC,-128.6,54.52,0.6,0.9,1.01,1.013,1.009,1.01,0.997,0.973,0.953
Tofino,BC,-125.88,49.12,0.4,0.7,0.826,0.703,0.594,0.499,0.419,0.359,0.308
Trail,BC,-117.7,49.1,0.1,0.4,1.023,1.045,1.065,1.094,1.108,1.11,1.099
Ucluelet,BC,-125.55,48.93,0.4,0.6,0.832,0.711,0.611,0.51,0.431,0.369,0.319
Burnaby (Simon Fraser Univ.),BC,-122.92,49.28,0.7,0.8,0.925,0.844,0.753,0.665,0.597,0.512,0.445
Cloverdale,BC,-122.733,49.1,0.2,0.7,0.901,0.814,0.715,0.627,0.564,0.49,0.43
Haney,BC,-122.6,49.22,0.2,1,0.937,0.854,0.746,0.651,0.574,0.488,0.417
Ladner,BC,-123.08,49.08,0.2,0.5,0.874,0.782,0.696,0.615,0.563,0.496,0.444
Langley,BC,-122.65,49.1,0.2,0.8,0.912,0.828,0.726,0.635,0.566,0.491,0.428
New Westminster,BC,-122.92,49.22,0.2,0.8,0.907,0.822,0.732,0.647,0.587,0.508,0.447
North Vancouver,BC,-123.07,49.32,0.3,0.8,0.93,0.852,0.771,0.686,0.62,0.531,0.462
Richmond,BC,-123.1,49.17,0.2,0.6,0.896,0.81,0.725,0.643,0.586,0.51,0.452
Surrey (88 Ave & 156 St.),BC,-122.79,49.163,0.3,0.8,0.902,0.814,0.714,0.626,0.564,0.489,0.429
Vancouver (city hall),BC,-123.12,49.25,0.2,0.7,0.917,0.836,0.755,0.671,0.608,0.524,0.46
Vancouver (Granville & 41 Ave),BC,-123.14,49.234,0.3,0.6,0.906,0.822,0.74,0.657,0.596,0.516,0.455
West Vancouver,BC,-123.17,49.33,0.2,0.8,0.938,0.862,0.784,0.7,0.63,0.538,0.467
Vernon,BC,-119.27,50.3,0.1,0.2,1.024,1.069,1.075,1.11,1.113,1.129,1.123
Victoria,BC,-123.37,48.43,0.2,0.4,0.92,0.859,0.807,0.752,0.691,0.641,0.587
Victoria Gonzales Height,BC,-123.32,48.42,0.3,0.4,0.92,0.859,0.805,0.749,0.687,0.637,0.582
Victoria Mt Tolmie,BC,-123.33,48.47,0.3,0.4,0.906,0.839,0.773,0.704,0.637,0.584,0.526
Whistler ,BC,-122.96,50.12,0.9,0.8,1.022,1.04,1.064,1.087,1.09,1.087,1.067
White Rock ,BC,-122.8,49.02,0.2,0.6,0.898,0.815,0.72,0.633,0.569,0.5,0.44
Williams Lake,BC,-122.15,52.133,0.2,0.1,1.038,1.051,1.102,1.174,1.206,1.219,1.232
Youbou,BC,-124.2,48.88,0.7,0.7,0.869,0.775,0.707,0.62,0.545,0.483,0.423
Athabasca,AB,-113.28,54.72,0.1,0.1,1.006,1.014,1.049,1.054,1.089,1.078,1.084
Banff,AB,-115.57,51.17,0.1,0.3,0.981,0.995,1.017,0.977,0.958,0.937,0.927
Barrhead,AB,-114.4,54.13,0.1,0.1,0.989,1.01,1.053,1.091,1.11,1.109,1.123
Beaverlodge,AB,-119.43,55.22,0.1,0.1,1.021,1.081,1.116,1.162,1.187,1.217,1.212
Brooks,AB,-111.88,50.58,0.1,0.2,1.042,1.053,1.117,1.144,1.165,1.176,1.205
Calgary,AB,-114.08,51.05,0.1,0.2,1.01,1.021,1.025,1.036,1.049,1.058,1.09
Campsie,AB,-114.65,54.13,0.1,0.1,0.995,1.021,1.065,1.093,1.111,1.111,1.123
Camrose,AB,-112.83,53.02,0.1,0.1,1.025,1.041,1.066,1.086,1.116,1.103,1.132
Canmore,AB,-115.35,51.09,0.1,0.3,0.996,0.984,1.014,0.978,0.964,0.947,0.931
Cardston,AB,-113.3,49.2,0.1,0.1,0.973,0.967,0.941,0.953,0.941,0.961,0.985
Claresholm,AB,-113.58,50.03,0.1,0.2,1.015,1.026,0.992,1.002,1.011,1.081,1.11
Cold Lake,AB,-110.17,54.45,0.1,0.1,1.002,0.986,1.01,1.017,1.051,1.05,1.061
Coleman,AB,-114.5,49.63,0.3,0.2,1.013,1.033,0.984,0.966,0.92,0.91,0.888
Coronation,AB,-111.45,52.08,0.1,0.1,1.007,1.059,1.091,1.096,1.14,1.125,1.142
Cowley,AB,-114.08,49.57,0.1,0.2,0.944,0.985,0.944,0.941,0.904,0.908,0.911
Drumheller,AB,-112.7,51.47,0.1,0.1,1.019,1.005,1.075,1.104,1.144,1.144,1.195
Edmonton,AB,-113.47,53.55,0.1,0.1,1.016,1.062,1.113,1.133,1.17,1.141,1.166
Edson,AB,-116.43,53.58,0.1,0.1,0.981,0.983,1.001,1.002,1.023,1.043,1.08
Embarras Portage,AB,-111.47,58.45,0.1,0.1,1.042,1.068,1.08,1.075,1.077,1.088,1.112
Fairview,AB,-118.38,56.07,0.1,0.1,1.024,1.037,1.062,1.069,1.094,1.101,1.127
Fort MacLeod,AB,-113.42,49.72,0.1,0.2,0.993,0.99,0.962,0.974,0.988,1.05,1.088
Fort McMurray,AB,-111.38,56.73,0.1,0.1,1.012,1.057,1.074,1.067,1.071,1.078,1.078
Fort Saskatchewan,AB,-113.22,53.72,0.1,0.1,1.014,1.061,1.109,1.137,1.182,1.155,1.18
Fort Vermilion,AB,-116,58.4,0.1,0.1,1.03,1.042,1.071,1.103,1.151,1.168,1.185
Grande Prairie,AB,-118.8,55.17,0.1,0.1,1.015,1.049,1.085,1.114,1.13,1.164,1.169
Habay,AB,-118.73,58.83,0.1,0.1,1.045,1.04,1.041,1.08,1.131,1.135,1.185
Hardisty,AB,-111.3,52.67,0.1,0.1,1.02,1.06,1.082,1.065,1.108,1.11,1.128
High River,AB,-113.87,50.58,0.1,0.2,1.012,1.03,1.032,1.042,1.046,1.083,1.12
Hinton,AB,-117.58,53.4,0.1,0.1,1.013,0.99,1.011,1.021,1.043,1.019,1.007
Jasper,AB,-118.08,52.88,0.1,0.1,0.998,0.991,1.046,1.037,1.044,0.994,0.989
Keg River,AB,-117.62,57.75,0.1,0.1,1.022,1.014,1.027,1.048,1.068,1.065,1.107
Lac la Biche,AB,-111.97,54.77,0.1,0.1,1.032,1.047,1.081,1.073,1.096,1.074,1.077
Lacombe,AB,-113.73,52.47,0.1,0.1,1.005,1.054,1.113,1.135,1.144,1.137,1.183
Lethbridge,AB,-112.82,49.7,0.1,0.2,1.042,1.055,1.05,1.087,1.108,1.141,1.151
Manning,AB,-117.62,56.92,0.1,0.1,1.048,1.032,1.041,1.046,1.085,1.075,1.106
Medicine Hat,AB,-110.67,50.05,0.1,0.1,1.014,1.012,1.044,1.086,1.099,1.104,1.081
Peace River,AB,-117.28,56.23,0.1,0.1,1.019,1.025,1.05,1.062,1.08,1.067,1.082
Pincher Creek,AB,-113.95,49.48,0.1,0.1,0.957,0.997,0.954,0.953,0.917,0.926,0.927
Ranfurly,AB,-111.68,53.42,0.1,0.1,1.011,1.043,1.073,1.074,1.124,1.118,1.146
Red Deer,AB,-113.8,52.27,0.1,0.1,1.008,1.049,1.109,1.13,1.139,1.145,1.189
Rocky Mountain House,AB,-114.92,52.37,0.1,0.1,0.993,1.022,1.049,1.069,1.058,1.065,1.082
Slave Lake,AB,-114.77,55.28,0.1,0.1,0.986,0.994,0.994,0.977,0.955,0.955,0.947
Stettler,AB,-112.72,52.32,0.1,0.1,1.01,1.026,1.062,1.087,1.123,1.133,1.179
Stony Plain,AB,-114,53.53,0.1,0.1,1.038,1.069,1.102,1.127,1.149,1.137,1.163
Suffield,AB,-111.17,50.2,0.1,0.2,1.009,1.021,1.075,1.107,1.126,1.119,1.109
Taber,AB,-112.15,49.78,0.1,0.2,1.035,1.061,1.098,1.141,1.151,1.17,1.161
Turner Valley,AB,-114.28,50.67,0.1,0.2,1.019,1.01,0.985,0.98,0.976,0.966,0.98
Valleyview,AB,-117.28,55.07,0.1,0.1,0.996,1.01,1.03,1.023,1.025,1.028,1.027
Vegreville,AB,-112.05,53.5,0.1,0.1,1.023,1.071,1.094,1.103,1.151,1.146,1.177
Vermilion,AB,-110.85,53.37,0.1,0.1,0.992,0.986,1.023,1.018,1.065,1.065,1.075
Wagner,AB,-114.98,55.35,0.1,0.1,0.994,0.999,0.999,0.981,0.963,0.96,0.953
Wainwright,AB,-110.87,52.82,0.1,0.1,0.999,1.017,1.046,1.039,1.085,1.086,1.1
Wetaskiwin,AB,-113.37,52.97,0.1,0.1,1.015,1.048,1.084,1.107,1.126,1.11,1.149
Whitecourt,AB,-115.68,54.15,0.1,0.1,1.007,1.03,1.035,1.027,1.04,1.06,1.063
Wimborne,AB,-113.58,51.87,0.1,0.1,1.012,1.029,1.096,1.128,1.152,1.163,1.205
Assiniboia,SK,-105.98,49.63,0.1,0.1,1.077,1.114,1.131,1.082,1.073,1.052,1.079
Battrum,SK,-108.33,50.55,0.1,0.1,1.015,1.019,1.048,1.077,1.082,1.103,1.103
Biggar,SK,-108,52.07,0.1,0.1,1.008,1.031,1.076,1.063,1.085,1.103,1.119
Broadview,SK,-102.58,50.37,0.1,0.1,0.989,0.979,0.99,0.985,1.019,0.981,0.96
Dafoe,SK,-104.53,51.75,0.1,0.1,1.002,1.029,1.031,1.041,1.029,1.029,1.011
Dundurn,SK,-106.5,51.82,0.1,0.1,1.004,1.085,1.093,1.082,1.072,1.084,1.097
Estevan,SK,-102.98,49.13,0.1,0.1,1.031,1.058,1.079,1.1,1.169,1.154,1.127
Hudson Bay,SK,-102.38,52.85,0.1,0.1,1.03,1.034,1.038,1.01,1.01,1.023,1.034
Humboldt,SK,-105.12,52.2,0.1,0.1,1.005,1.011,1.008,1.007,1.023,1.034,1.031
Island Falls,SK,-102.35,55.53,0.1,0.1,1.048,1.062,1.055,1.04,1.045,1.039,1.055
Kamsack,SK,-101.9,51.57,0.2,0.1,0.975,1.003,1.064,1.042,1.026,0.981,0.989
Kindersley,SK,-109.17,51.47,0.1,0.1,1.036,1.067,1.123,1.132,1.142,1.168,1.173
Lloydminster,SK,-110,53.28,0.1,0.1,0.979,0.97,1.018,1.008,1.058,1.067,1.075
Maple Creek,SK,-109.48,49.92,0.1,0.1,1.012,1.036,1.048,1.079,1.07,1.084,1.103
Meadow Lake,SK,-108.43,54.13,0.1,0.1,1.038,1.035,1.03,1.023,1.05,1.048,1.066
Melfort,SK,-104.62,52.87,0.1,0.1,0.998,0.947,0.95,0.958,0.994,0.995,1.007
Melville,SK,-102.8,50.92,0.1,0.1,1.013,0.994,0.988,0.977,0.977,0.941,0.941
Moose Jaw,SK,-105.53,50.4,0.1,0.1,0.99,1.017,1.044,1.053,1.078,1.083,1.106
Nipawin,SK,-104,53.37,0.1,0.1,1.016,1,1.001,0.991,1.002,1.005,1.018
North Battleford,SK,-108.28,52.78,0.1,0.1,0.991,1.004,1.058,1.052,1.102,1.104,1.098
Prince Albert,SK,-105.77,53.2,0.1,0.1,0.999,0.97,0.975,0.96,1.016,1.047,1.071
Qu'Appelle,SK,-103.88,50.55,0.1,0.1,1.024,0.992,1,0.987,0.994,0.972,0.963
Regina,SK,-104.62,50.45,0.1,0.1,0.986,1.017,1.034,1.037,1.039,1.032,1.055
Rosetown,SK,-108,51.55,0.1,0.1,0.98,1.018,1.078,1.083,1.073,1.082,1.101
Saskatoon,SK,-106.63,52.12,0.1,0.1,1,1.067,1.083,1.059,1.08,1.096,1.107
Scott,SK,-108.83,52.37,0.1,0.1,1.018,1.028,1.084,1.079,1.102,1.114,1.12
Strasbourg,SK,-104.95,51.07,0.1,0.1,1.007,1.052,1.066,1.062,1.05,1.039,1.044
Swift Current,SK,-107.8,50.28,0.1,0.1,1.017,1.016,1.044,1.069,1.094,1.106,1.11
Uranium City,SK,-108.62,59.57,0.1,0.1,1.005,1.018,1.032,1.043,1.041,1.049,1.059
Weyburn,SK,-103.85,49.67,0.1,0.1,1.054,1.034,1.033,1.039,1.104,1.088,1.081
Yorkton,SK,-102.47,51.22,0.1,0.1,1.002,0.997,1.023,1.014,1.013,0.97,0.976
Beausejour,MB,-96.517,50.067,0.2,0.2,0.975,1.01,1.036,0.99,0.958,0.91,0.882
Boissevain,MB,-100.05,49.233,0.2,0.2,1.021,1.055,1.064,1.02,0.994,0.981,0.968
Brandon,MB,-99.95,49.833,0.2,0.2,0.998,1.04,1.035,1.023,1.014,1.007,0.98
Churchill,MB,-94.12,58.75,0.2,0.1,1.029,1.04,1.09,1.113,1.106,1.101,1.1
Dauphin,MB,-100.05,51.15,0.2,0.1,0.986,1.044,1.101,1.086,1.064,1.049,1.011
Flin Flon,MB,-101.88,54.77,0.2,0.1,1.035,1.03,1.01,1.011,1.007,1.014,1.018
Gimli,MB,-96.99,50.64,0.2,0.2,0.993,0.997,1.003,0.963,0.936,0.886,0.873
Island Lake,MB,-94.667,53.867,0.2,0.1,1.01,1.045,1.036,1.008,1.017,1.031,1.031
Lac du Bonnet,MB,-96.06,50.27,0.2,0.2,0.961,0.976,0.982,0.95,0.92,0.886,0.85
Lynn Lake,MB,-101.05,56.85,0.2,0.1,1.032,1.027,1.061,1.047,1.049,1.023,1.047
Morden,MB,-98.1,49.183,0.2,0.2,1.022,1.043,1.04,0.978,0.95,0.911,0.878
Neepawa,MB,-99.467,50.233,0.2,0.2,0.985,1.01,1.01,0.997,0.989,0.976,0.945
Pine Falls,MB,-96.217,50.567,0.2,0.2,0.968,0.984,0.983,0.951,0.923,0.888,0.859
Portage la Prairie,MB,-98.29,50,0.2,0.2,1.027,1.026,1.027,0.977,0.967,0.917,0.892
Rivers,MB,-100.233,50.033,0.2,0.1,0.973,1.016,1.018,1.013,1,0.997,0.972
Sandilands,MB,-96.3,49.36,0.2,0.2,0.959,0.992,0.998,0.969,0.942,0.913,0.874
Selkirk,MB,-96.867,50.15,0.2,0.2,1.006,1.032,1.062,1.013,0.978,0.91,0.889
Split Lake,MB,-96.1,56.25,0.2,0.1,0.973,0.97,0.975,0.989,0.972,0.966,0.942
Steinbach,MB,-96.683,49.533,0.2,0.2,0.984,1.02,1.025,0.987,0.953,0.909,0.871
Swan River,MB,-101.27,52.14,0.2,0.1,0.961,0.983,1.039,1.027,1.003,0.975,0.981
The Pas,MB,-101.25,53.87,0.2,0.1,1.014,1.018,1.037,1.015,1.022,1.018,1.041
Thompson,MB,-97.86,55.79,0.2,0.1,0.979,0.986,1.008,1.014,1.006,0.992,0.98
Virden,MB,-100.93,49.86,0.2,0.1,1.005,1.076,1.093,1.094,1.079,1.048,1.02
Winnipeg,MB,-97.15,49.89,0.2,0.2,1.014,1.041,1.059,1.008,0.976,0.914,0.885
Ailsa Craig,ON,-81.55,43.13,0.4,0.4,0.987,0.94,0.874,0.803,0.738,0.673,0.599
Ajax,ON,-79.03,43.85,0.4,0.4,0.941,0.877,0.813,0.788,0.747,0.696,0.607
Alexandria,ON,-74.63,45.32,0.4,0.4,0.979,0.96,0.913,0.901,0.853,0.82,0.752
Alliston,ON,-79.87,44.15,0.4,0.4,0.98,0.916,0.84,0.8,0.756,0.716,0.653
Almonte,ON,-76.2,45.23,0.4,0.4,0.962,0.928,0.891,0.874,0.836,0.802,0.756
Armstrong,ON,-89.03,50.3,0.4,0.2,1.006,1.007,1.021,1.019,1.001,0.978,0.93
Arnprior,ON,-76.35,45.43,0.4,0.4,0.971,0.934,0.888,0.867,0.829,0.8,0.762
Atikokan,ON,-91.62,48.75,0.3,0.2,0.996,0.978,0.965,0.977,0.957,0.939,0.884
Attawapiskat,ON,-82.43,52.93,0.3,0.2,0.982,0.983,1.01,1.052,1.066,1.069,1.031
Aurora,ON,-79.47,44,0.4,0.4,0.958,0.894,0.824,0.792,0.753,0.704,0.624
Bancroft,ON,-77.85,45.05,0.4,0.5,0.975,0.922,0.895,0.865,0.826,0.767,0.722
Barrie,ON,-79.67,44.4,0.4,0.4,0.986,0.919,0.84,0.793,0.744,0.709,0.647
Barriefield,ON,-76.47,44.23,0.4,0.5,0.957,0.9,0.839,0.796,0.733,0.678,0.613
Beaverton,ON,-79.15,44.43,0.4,0.4,0.975,0.914,0.842,0.793,0.748,0.702,0.638
Belleville,ON,-77.383,44.167,0.4,0.5,0.944,0.886,0.809,0.774,0.719,0.682,0.618
Belmont,ON,-81.08,42.88,0.4,0.5,0.973,0.915,0.85,0.791,0.725,0.656,0.574
Bowmanville,ON,-78.68,43.91,0.4,0.4,0.942,0.876,0.808,0.778,0.735,0.692,0.617
Bracebridge,ON,-79.3,45.03,0.4,0.5,0.985,0.935,0.89,0.838,0.771,0.72,0.678
Bradford,ON,-79.57,44.12,0.4,0.4,0.969,0.904,0.829,0.791,0.749,0.706,0.634
Brampton,ON,-79.77,43.68,0.4,0.4,0.948,0.89,0.833,0.789,0.748,0.69,0.61
Brantford,ON,-80.27,43.13,0.4,0.4,0.959,0.907,0.853,0.794,0.735,0.69,0.599
Brighton,ON,-77.73,44.03,0.4,0.5,0.932,0.871,0.797,0.764,0.71,0.67,0.606
Brockville,ON,-75.68,44.59,0.4,0.4,0.978,0.967,0.935,0.922,0.867,0.817,0.736
Burk's Falls,ON,-79.4,45.62,0.4,0.5,0.972,0.933,0.898,0.849,0.779,0.714,0.683
Burlington,ON,-79.8,43.32,0.4,0.4,0.937,0.88,0.838,0.788,0.733,0.672,0.592
Cambridge,ON,-80.32,43.38,0.4,0.4,0.962,0.914,0.856,0.807,0.747,0.69,0.605
Campbellford,ON,-77.8,44.3,0.4,0.5,0.936,0.876,0.795,0.769,0.719,0.686,0.618
Cannington,ON,-79.03,44.35,0.4,0.4,0.97,0.912,0.836,0.787,0.742,0.693,0.626
Carleton Place,ON,-76.15,45.13,0.4,0.4,0.961,0.929,0.894,0.88,0.842,0.806,0.755
Cavan,ON,-78.47,44.2,0.4,0.4,0.95,0.885,0.802,0.774,0.728,0.695,0.628
Centralia,ON,-81.47,43.28,0.4,0.4,0.988,0.936,0.869,0.793,0.73,0.669,0.6
CFB Borden,ON,-79.88,44.27,0.4,0.4,0.987,0.921,0.843,0.8,0.751,0.716,0.655
Chapleau,ON,-83.4,47.83,0.4,0.3,0.999,1.032,1.007,0.981,0.947,0.916,0.848
Chatham,ON,-82.18,42.4,0.4,0.4,0.975,0.922,0.84,0.774,0.687,0.6,0.545
Chesley,ON,-81.08,44.28,0.4,0.4,0.991,0.924,0.847,0.788,0.735,0.682,0.618
Clinton,ON,-81.53,43.62,0.4,0.4,0.972,0.906,0.838,0.776,0.715,0.65,0.586
Coboconk,ON,-78.8,44.65,0.4,0.5,0.972,0.913,0.856,0.804,0.767,0.713,0.654
Cobourg,ON,-78.17,43.97,0.4,0.4,0.938,0.876,0.801,0.77,0.719,0.681,0.618
Cochrane,ON,-81.02,49.07,0.3,0.3,1.015,1.033,1.043,1.029,1.012,0.987,0.97
Colborne,ON,-77.88,44,0.4,0.5,0.926,0.865,0.792,0.761,0.706,0.665,0.601
Collingwood,ON,-80.22,44.48,0.4,0.4,1,0.937,0.871,0.807,0.762,0.719,0.665
Cornwall,ON,-74.73,45.03,0.4,0.4,0.983,0.969,0.936,0.932,0.876,0.842,0.772
Corunna,ON,-82.43,42.88,0.4,0.4,0.968,0.93,0.864,0.817,0.737,0.645,0.578
Deep River,ON,-77.5,46.1,0.4,0.3,0.994,0.98,0.953,0.913,0.86,0.832,0.81
Deseronto,ON,-77.05,44.2,0.4,0.5,0.957,0.901,0.827,0.787,0.73,0.69,0.627
Dorchester,ON,-81.07,42.98,0.4,0.5,0.98,0.926,0.859,0.795,0.732,0.668,0.585
Dorion,ON,-88.53,48.78,0.4,0.3,1.005,1.001,0.981,0.972,0.936,0.914,0.862
Dresden,ON,-82.18,42.58,0.4,0.4,0.973,0.928,0.853,0.801,0.712,0.621,0.56
Dryden,ON,-92.75,49.78,0.3,0.2,0.985,0.985,0.974,0.966,0.943,0.932,0.872
Dundalk,ON,-80.394,44.17,0.4,0.4,0.994,0.934,0.862,0.814,0.766,0.726,0.671
Dunnville,ON,-79.62,42.9,0.4,0.4,0.932,0.867,0.833,0.785,0.719,0.658,0.584
Durham,ON,-80.82,44.17,0.4,0.4,0.995,0.928,0.851,0.804,0.754,0.705,0.639
Dutton,ON,-81.5,42.67,0.4,0.4,0.97,0.915,0.844,0.788,0.71,0.63,0.559
Earlton,ON,-79.82,47.72,0.4,0.3,1.003,1.002,0.986,0.943,0.92,0.872,0.85
Edison,ON,-93.55,49.8,0.3,0.2,0.983,0.983,0.965,0.966,0.955,0.948,0.879
Elliot Lake ,ON,-82.657,46.381,0.4,0.4,0.988,0.982,0.949,0.898,0.837,0.749,0.682
Elmvale,ON,-79.87,44.58,0.4,0.4,0.992,0.933,0.867,0.805,0.759,0.715,0.662
Embro,ON,-80.9,43.15,0.4,0.5,0.982,0.932,0.871,0.792,0.731,0.677,0.603
Englehart,ON,-79.87,47.82,0.4,0.3,1.002,1.004,0.987,0.949,0.929,0.884,0.86
Espanola,ON,-81.77,46.25,0.4,0.4,1.003,0.992,0.971,0.922,0.868,0.791,0.737
Exeter,ON,-81.48,43.35,0.4,0.4,0.987,0.934,0.867,0.79,0.728,0.667,0.599
Fenelon Falls,ON,-78.75,44.53,0.4,0.5,0.967,0.906,0.845,0.798,0.759,0.71,0.65
Fergus,ON,-80.37,43.7,0.4,0.4,0.972,0.921,0.858,0.812,0.757,0.701,0.631
Forest,ON,-82,43.1,0.4,0.4,0.967,0.921,0.857,0.814,0.745,0.665,0.587
Fort Erie,ON,-78.93,42.9,0.4,0.4,0.959,0.894,0.875,0.826,0.771,0.714,0.683
Fort Erie (Ridgeway),ON,-79.05,42.88,0.4,0.4,0.952,0.886,0.861,0.814,0.755,0.697,0.657
Fort Frances,ON,-93.39,48.61,0.3,0.2,0.983,0.949,0.963,0.958,0.942,0.899,0.842
Gananoque,ON,-76.17,44.33,0.4,0.5,0.963,0.926,0.878,0.849,0.788,0.734,0.66
Geraldton,ON,-86.95,49.73,0.4,0.2,1.038,1.051,1.033,1.036,0.996,0.987,0.93
Glencoe,ON,-81.72,42.75,0.4,0.4,0.975,0.927,0.855,0.803,0.728,0.648,0.571
Goderich,ON,-81.72,43.75,0.4,0.4,0.962,0.891,0.822,0.772,0.711,0.642,0.577
Gore Bay,ON,-82.47,45.92,0.4,0.4,0.98,0.948,0.905,0.83,0.757,0.657,0.59
Graham,ON,-90.57,49.25,0.3,0.2,1.007,1.009,1.007,0.994,0.98,0.954,0.917
Gravenhurst (Muskoka Airport),ON,-79.37,44.92,0.4,0.5,0.984,0.933,0.879,0.823,0.766,0.715,0.67
Grimsby,ON,-79.57,43.2,0.4,0.4,0.931,0.869,0.835,0.786,0.725,0.663,0.59
Guelph,ON,-80.25,43.55,0.4,0.4,0.959,0.912,0.855,0.805,0.748,0.685,0.607
Guthrie,ON,-79.55,44.47,0.4,0.4,0.983,0.918,0.843,0.795,0.747,0.709,0.648
Haileybury,ON,-79.63,47.45,0.4,0.3,1.005,0.999,0.996,0.951,0.929,0.872,0.855
Haldimand (Caledonia),ON,-79.93,43.07,0.4,0.4,0.944,0.887,0.84,0.793,0.733,0.685,0.592
Haldimand (Hagersville),ON,-80.05,42.97,0.4,0.4,0.95,0.892,0.839,0.791,0.732,0.685,0.59
Haliburton,ON,-78.52,45.05,0.4,0.5,0.977,0.925,0.892,0.851,0.807,0.751,0.711
Halton Hills (Georgetown),ON,-79.92,43.65,0.4,0.4,0.951,0.895,0.839,0.792,0.748,0.691,0.614
Hamilton,ON,-79.86,43.25,0.4,0.4,0.941,0.885,0.84,0.791,0.734,0.679,0.593
Hanover,ON,-81.03,44.15,0.4,0.4,0.994,0.923,0.845,0.801,0.75,0.697,0.627
Hastings,ON,-77.95,44.3,0.4,0.5,0.941,0.88,0.798,0.772,0.724,0.693,0.624
Hawkesbury,ON,-74.62,45.6,0.4,0.5,0.984,0.963,0.918,0.894,0.849,0.807,0.755
Hearst,ON,-83.67,49.68,0.3,0.2,1.031,1.009,1.024,1.047,1.033,1.003,0.949
Honey Harbour,ON,-79.82,44.87,0.4,0.4,0.985,0.932,0.872,0.81,0.757,0.705,0.654
Hornepayne,ON,-84.78,49.22,0.4,0.3,1.017,0.993,1,0.997,0.968,0.937,0.894
Huntsville,ON,-79.22,45.33,0.4,0.5,0.982,0.939,0.901,0.854,0.786,0.732,0.701
Ingersoll,ON,-80.88,43.03,0.4,0.5,0.974,0.92,0.859,0.791,0.728,0.669,0.59
Iroquois Falls,ON,-80.68,48.77,0.3,0.3,1.025,1.031,1.033,1.015,1.014,1.002,0.989
Jellicoe,ON,-87.52,49.68,0.4,0.2,1.026,1.039,1.034,1.02,0.983,0.966,0.916
Kapuskasing,ON,-82.43,49.42,0.3,0.3,1.027,1.032,1.053,1.054,1.031,0.994,0.946
Kemptville,ON,-75.64,45.02,0.4,0.4,0.96,0.933,0.898,0.903,0.867,0.841,0.76
Kenora,ON,-94.43,49.82,0.3,0.2,0.974,0.983,0.975,0.963,0.964,0.948,0.898
Killaloe,ON,-77.42,45.55,0.4,0.4,0.986,0.946,0.91,0.88,0.844,0.807,0.779
Kincardine,ON,-81.63,44.18,0.4,0.4,0.976,0.902,0.824,0.771,0.715,0.654,0.589
Kingston,ON,-76.48,44.23,0.4,0.5,0.957,0.9,0.839,0.796,0.733,0.678,0.613
Kinmount,ON,-78.65,44.78,0.4,0.5,0.973,0.914,0.872,0.824,0.787,0.73,0.677
Kirkland Lake,ON,-80.03,48.15,0.3,0.3,1.005,1.01,1.004,0.981,0.974,0.941,0.913
Kitchener,ON,-80.48,43.45,0.4,0.4,0.969,0.923,0.863,0.81,0.747,0.687,0.61
Kitchenuhmaykoosib,ON,-90,53.83,0.2,0.1,1.036,1.066,1.082,1.071,1.081,1.071,1.075
Lakefield,ON,-78.27,44.43,0.4,0.5,0.956,0.9,0.821,0.786,0.741,0.703,0.636
Lansdowne House,ON,-87.88,52.23,0.2,0.2,1.016,1.035,1.047,1.067,1.069,1.063,1.035
Leamington,ON,-82.57,42.08,0.4,0.4,0.983,0.909,0.821,0.729,0.664,0.586,0.527
Lindsay,ON,-78.73,44.35,0.4,0.4,0.962,0.9,0.828,0.786,0.743,0.699,0.635
Lion's Head,ON,-81.25,44.98,0.4,0.4,0.993,0.942,0.873,0.791,0.734,0.682,0.628
Listowel,ON,-80.95,43.73,0.4,0.4,0.987,0.925,0.859,0.807,0.749,0.686,0.615
London,ON,-81.23,42.98,0.4,0.4,0.987,0.933,0.863,0.795,0.731,0.665,0.585
Lucan,ON,-81.4,43.18,0.4,0.4,0.988,0.94,0.874,0.799,0.735,0.672,0.602
Maitland,ON,-75.62,44.63,0.4,0.4,0.976,0.963,0.931,0.92,0.868,0.82,0.739
Markdale,ON,-80.65,44.32,0.4,0.4,0.992,0.934,0.859,0.795,0.743,0.698,0.643
Markham,ON,-79.27,43.87,0.4,0.4,0.944,0.882,0.818,0.793,0.755,0.7,0.609
Martin,ON,-91.13,49.25,0.3,0.2,0.998,0.981,0.971,0.963,0.948,0.927,0.892
Matheson,ON,-80.47,48.53,0.3,0.3,1.029,1.03,1.03,1.013,1.02,1.011,0.995
Mattawa,ON,-78.7,46.32,0.4,0.3,0.988,0.972,0.96,0.911,0.872,0.819,0.796
Midland,ON,-79.88,44.75,0.4,0.4,0.988,0.933,0.869,0.806,0.76,0.712,0.662
Milton,ON,-79.88,43.52,0.4,0.4,0.942,0.889,0.84,0.788,0.74,0.68,0.597
Milverton,ON,-80.92,43.57,0.4,0.4,0.983,0.925,0.861,0.803,0.743,0.68,0.607
Minden,ON,-78.73,44.92,0.4,0.5,0.978,0.924,0.88,0.831,0.791,0.735,0.689
Mississauga,ON,-79.65,43.58,0.4,0.4,0.941,0.883,0.833,0.786,0.74,0.682,0.6
Mississauga Port Credit,ON,-79.58,43.55,0.4,0.4,0.94,0.881,0.832,0.785,0.739,0.682,0.602
Mitchell,ON,-81.2,43.47,0.4,0.4,0.99,0.932,0.866,0.794,0.734,0.672,0.603
Moosonee,ON,-80.72,51.32,0.3,0.2,1.025,1.053,1.074,1.121,1.139,1.152,1.134
Morrisburg,ON,-75.18,44.9,0.4,0.4,0.974,0.957,0.928,0.93,0.877,0.844,0.765
Mount Forest,ON,-80.73,43.98,0.4,0.4,0.992,0.929,0.855,0.813,0.763,0.715,0.651
Nakina,ON,-86.7,50.17,0.4,0.2,1.034,1.055,1.055,1.057,1.029,1.01,0.941
Nanticoke (Jarvis),ON,-80.1,42.88,0.4,0.4,0.95,0.888,0.834,0.784,0.723,0.671,0.584
Nanticoke (Port Dover),ON,-80.2,42.78,0.4,0.4,0.949,0.887,0.834,0.783,0.722,0.669,0.582
Napanee,ON,-76.95,44.25,0.4,0.5,0.956,0.899,0.827,0.787,0.73,0.688,0.624
New Liskeard,ON,-79.67,47.5,0.4,0.3,1.006,0.997,0.988,0.941,0.918,0.864,0.849
Newcastle,ON,-78.58,43.92,0.4,0.4,0.944,0.876,0.805,0.771,0.726,0.689,0.624
Newmarket,ON,-79.47,44.05,0.4,0.4,0.96,0.896,0.825,0.792,0.752,0.704,0.625
Niagara Falls,ON,-79.07,43.1,0.4,0.4,0.931,0.86,0.833,0.78,0.723,0.666,0.61
North Bay,ON,-79.47,46.32,0.4,0.4,0.985,0.961,0.948,0.899,0.853,0.771,0.737
Norwood,ON,-77.98,44.38,0.4,0.5,0.945,0.885,0.801,0.776,0.729,0.7,0.631
Oakville,ON,-79.68,43.45,0.4,0.4,0.939,0.88,0.836,0.783,0.734,0.675,0.6
Orangeville,ON,-80.1,43.92,0.4,0.4,0.973,0.913,0.845,0.805,0.763,0.716,0.651
Orillia,ON,-79.42,44.62,0.4,0.4,0.982,0.922,0.855,0.801,0.756,0.711,0.655
Oshawa,ON,-78.85,43.9,0.4,0.4,0.942,0.876,0.81,0.78,0.738,0.692,0.614
Ottawa (Barrhaven),ON,-75.76,45.28,0.4,0.5,0.963,0.932,0.891,0.879,0.835,0.802,0.748
Ottawa (city hall),ON,-75.69,45.42,0.4,0.5,0.963,0.929,0.886,0.87,0.826,0.796,0.748
Ottawa (Kanata),ON,-75.91,45.31,0.4,0.5,0.962,0.929,0.889,0.873,0.832,0.8,0.751
Ottawa (M-C Int'l Airport),ON,-75.67,45.32,0.4,0.5,0.963,0.932,0.89,0.878,0.834,0.801,0.747
Ottawa (Orleans),ON,-75.52,45.48,0.4,0.5,0.964,0.933,0.887,0.873,0.827,0.796,0.745
Owen Sound,ON,-80.93,44.57,0.4,0.4,0.992,0.935,0.861,0.776,0.72,0.67,0.617
Pagwa River,ON,-85.22,50.02,0.4,0.2,1.014,1.007,1.017,1.034,1.015,1.01,0.964
Paris,ON,-80.38,43.2,0.4,0.4,0.964,0.913,0.857,0.798,0.738,0.688,0.603
Parkhill,ON,-81.68,43.15,0.4,0.4,0.977,0.932,0.868,0.813,0.746,0.674,0.595
Parry Sound,ON,-80.03,45.35,0.4,0.5,0.976,0.936,0.891,0.834,0.744,0.667,0.609
Pelham (Fonthill),ON,-79.28,43.03,0.4,0.4,0.926,0.858,0.831,0.781,0.718,0.657,0.592
Pembroke,ON,-77.12,45.82,0.4,0.3,0.984,0.95,0.907,0.878,0.835,0.808,0.784
Penetanguishene,ON,-79.92,44.78,0.4,0.4,0.987,0.933,0.87,0.808,0.759,0.71,0.659
Perth,ON,-76.25,44.9,0.4,0.5,0.964,0.927,0.883,0.862,0.822,0.784,0.725
Petawawa,ON,-77.33,45.9,0.4,0.3,0.988,0.96,0.923,0.891,0.844,0.816,0.793
Peterborough,ON,-78.32,44.3,0.4,0.4,0.951,0.89,0.808,0.778,0.733,0.698,0.632
Petrolia,ON,-82.15,42.87,0.4,0.4,0.968,0.928,0.863,0.817,0.741,0.656,0.582
Pickering (Dunbarton),ON,-79.1,43.82,0.4,0.4,0.94,0.877,0.815,0.79,0.75,0.697,0.605
Picton,ON,-77.13,44,0.4,0.5,0.957,0.902,0.827,0.787,0.731,0.692,0.63
Plattsville,ON,-80.62,43.3,0.4,0.4,0.975,0.925,0.867,0.798,0.737,0.683,0.608
Point Alexander,ON,-77.57,46.13,0.4,0.3,0.993,0.98,0.955,0.914,0.862,0.834,0.812
Port Burwell,ON,-80.82,42.65,0.4,0.5,0.942,0.872,0.82,0.767,0.696,0.621,0.55
Port Colborne,ON,-79.23,42.9,0.4,0.4,0.94,0.874,0.848,0.801,0.738,0.677,0.624
Port Elgin,ON,-81.4,44.43,0.4,0.4,0.982,0.914,0.838,0.778,0.722,0.665,0.603
Port Hope,ON,-78.3,43.95,0.4,0.4,0.944,0.882,0.807,0.775,0.726,0.689,0.626
Port Perry,ON,-78.95,44.1,0.4,0.4,0.953,0.892,0.817,0.784,0.74,0.693,0.613
Port Stanley,ON,-81.22,42.67,0.4,0.4,0.954,0.892,0.832,0.778,0.7,0.621,0.553
Prescott,ON,-75.52,44.72,0.4,0.4,0.97,0.954,0.921,0.918,0.868,0.83,0.749
Princeton,ON,-80.53,43.17,0.4,0.4,0.969,0.919,0.863,0.793,0.733,0.685,0.604
Raith,ON,-89.93,48.83,0.4,0.2,0.999,1.002,0.989,0.986,0.957,0.928,0.875
Rayside-Balfour (Chelmsford),ON,-81.2,46.58,0.4,0.4,1.001,0.975,0.966,0.917,0.885,0.809,0.77
Red Lake,ON,-93.82,51.05,0.3,0.2,1.004,1.025,1.015,0.986,0.978,0.973,0.953
Renfrew,ON,-76.68,45.47,0.4,0.4,0.981,0.944,0.892,0.872,0.837,0.805,0.765
Richmond Hill,ON,-79.45,43.87,0.4,0.4,0.951,0.888,0.821,0.792,0.757,0.703,0.62
Rockland,ON,-75.29,45.55,0.4,0.5,0.967,0.941,0.895,0.881,0.831,0.798,0.748
Sarnia,ON,-82.38,42.97,0.4,0.4,0.967,0.93,0.868,0.823,0.748,0.659,0.586
Sault Ste. Marie,ON,-84.33,46.52,0.4,0.4,0.961,0.939,0.898,0.839,0.78,0.692,0.633
Schreiber,ON,-87.25,48.8,0.4,0.3,0.988,0.979,0.957,0.943,0.9,0.877,0.825
Seaforth,ON,-81.4,43.55,0.4,0.4,0.981,0.919,0.852,0.785,0.724,0.661,0.594
Shelburne,ON,-80.204,44.076,0.4,0.4,0.988,0.928,0.853,0.815,0.769,0.73,0.672
Simcoe,ON,-80.3,42.83,0.4,0.4,0.946,0.883,0.831,0.78,0.716,0.657,0.573
Sioux Lookout,ON,-91.98,50.07,0.3,0.2,0.962,0.957,0.95,0.947,0.923,0.914,0.862
Smiths Falls,ON,-76.02,44.9,0.4,0.5,0.967,0.942,0.908,0.893,0.85,0.809,0.747
Smithville,ON,-79.55,43.1,0.4,0.4,0.928,0.865,0.834,0.787,0.722,0.658,0.586
Smooth Rock Falls,ON,-81.63,49.28,0.3,0.3,1.012,1.039,1.058,1.057,1.031,0.995,0.961
South River,ON,-79.38,45.83,0.4,0.4,0.965,0.93,0.9,0.852,0.79,0.721,0.694
Southampton,ON,-81.38,44.48,0.4,0.4,0.982,0.914,0.838,0.778,0.722,0.665,0.603
St. Catharines,ON,-79.25,43.17,0.4,0.4,0.928,0.86,0.83,0.778,0.719,0.66,0.596
St. Mary's,ON,-81.13,43.25,0.4,0.4,0.995,0.945,0.879,0.792,0.729,0.674,0.607
St. Thomas,ON,-81.2,42.78,0.4,0.4,0.969,0.91,0.843,0.788,0.718,0.642,0.563
Stirling,ON,-77.55,44.3,0.4,0.5,0.94,0.881,0.802,0.771,0.719,0.684,0.617
Stratford,ON,-80.95,43.37,0.4,0.4,0.985,0.931,0.869,0.795,0.735,0.679,0.607
Strathroy,ON,-81.63,42.95,0.4,0.4,0.979,0.931,0.865,0.811,0.744,0.67,0.588
Sturgeon Falls,ON,-79.92,46.37,0.4,0.4,0.99,0.976,0.967,0.916,0.855,0.765,0.721
Sudbury,ON,-81,46.5,0.4,0.4,0.991,0.952,0.937,0.878,0.838,0.747,0.704
Sundridge,ON,-79.4,45.77,0.4,0.4,0.966,0.93,0.899,0.851,0.787,0.719,0.692
Tavistock,ON,-80.83,43.32,0.4,0.4,0.98,0.927,0.867,0.795,0.735,0.68,0.607
Temagami,ON,-79.78,47.07,0.4,0.3,1.015,1.032,1.038,1.008,0.975,0.91,0.886
Thamesford,ON,-81,43.07,0.4,0.5,0.984,0.932,0.868,0.794,0.731,0.672,0.596
Thedford,ON,-81.85,43.15,0.4,0.4,0.967,0.92,0.856,0.815,0.747,0.669,0.589
Thunder Bay,ON,-89.32,48.4,0.4,0.3,0.985,0.978,0.966,0.963,0.927,0.898,0.836
Tillsonburg,ON,-80.73,42.85,0.4,0.5,0.951,0.887,0.835,0.776,0.708,0.641,0.568
Timmins,ON,-81.33,48.47,0.3,0.3,1.039,1.052,1.047,1.024,1.018,1.006,0.973
Timmins (Porcupine),ON,-81.17,48.5,0.3,0.3,1.039,1.049,1.043,1.021,1.018,1.011,0.985
Etobicoke,ON,-79.57,43.7,0.4,0.4,0.943,0.885,0.829,0.79,0.748,0.69,0.603
North York,ON,-79.42,43.77,0.4,0.4,0.943,0.883,0.824,0.791,0.751,0.694,0.604
Scarborough,ON,-79.25,43.78,0.4,0.4,0.94,0.878,0.819,0.791,0.75,0.695,0.602
Toronto (city hall),ON,-79.38,43.65,0.4,0.4,0.939,0.878,0.825,0.786,0.743,0.687,0.603
Toronto (LBP Int'l Airport),ON,-79.61,43.68,0.4,0.4,0.943,0.885,0.829,0.79,0.748,0.69,0.603
Trenton,ON,-77.58,44.1,0.4,0.5,0.938,0.879,0.803,0.769,0.715,0.676,0.612
Trout Creek,ON,-79.37,45.98,0.4,0.4,0.962,0.929,0.902,0.853,0.796,0.722,0.694
Uxbridge,ON,-79.12,44.1,0.4,0.4,0.959,0.899,0.824,0.786,0.742,0.693,0.613
Vaughan (Woodbridge),ON,-79.6,43.78,0.4,0.4,0.949,0.889,0.827,0.79,0.752,0.697,0.615
Vittoria,ON,-80.32,42.77,0.4,0.5,0.947,0.88,0.827,0.776,0.71,0.647,0.569
Walkerton,ON,-81.15,44.12,0.4,0.4,0.99,0.918,0.841,0.795,0.742,0.686,0.617
Wallaceburg,ON,-82.38,42.6,0.4,0.4,0.977,0.932,0.861,0.815,0.732,0.637,0.563
Waterloo,ON,-80.52,43.47,0.4,0.4,0.972,0.926,0.866,0.809,0.747,0.686,0.611
Watford,ON,-81.88,42.95,0.4,0.4,0.971,0.929,0.867,0.823,0.754,0.676,0.593
Wawa,ON,-84.78,47.98,0.4,0.4,0.983,0.989,0.972,0.928,0.867,0.815,0.75
Welland,ON,-79.25,42.98,0.4,0.4,0.933,0.866,0.841,0.793,0.73,0.669,0.61
West Lorne,ON,-81.6,42.6,0.4,0.4,0.968,0.914,0.842,0.786,0.702,0.619,0.556
Whitby,ON,-78.93,43.87,0.4,0.4,0.941,0.875,0.812,0.782,0.741,0.693,0.612
Whitby (Brooklin),ON,-78.95,43.95,0.4,0.4,0.943,0.879,0.81,0.787,0.745,0.697,0.61
White River,ON,-85.28,48.6,0.4,0.3,0.994,0.999,0.988,0.971,0.908,0.867,0.804
Wiarton,ON,-81.15,44.75,0.4,0.4,0.992,0.939,0.87,0.788,0.732,0.679,0.626
Windsor,ON,-83.02,42.3,0.4,0.4,0.983,0.921,0.845,0.797,0.731,0.63,0.545
Wingham,ON,-81.32,43.88,0.4,0.4,0.982,0.914,0.844,0.791,0.733,0.668,0.599
Woodstock,ON,-80.75,43.13,0.4,0.5,0.977,0.927,0.868,0.792,0.731,0.679,0.603
Wyoming,ON,-82.12,42.95,0.4,0.4,0.968,0.929,0.866,0.825,0.753,0.67,0.589
Acton-Vale,QC,-72.57,45.65,0.4,0.4,0.986,0.932,0.904,0.881,0.845,0.793,0.728
Alma,QC,-71.65,48.55,0.4,0.3,1.022,1.035,1.054,1.066,1.07,1.05,1.031
Amos,QC,-78.12,48.57,0.3,0.3,1.009,1.012,1.002,0.97,0.945,0.921,0.907
Asbestos,QC,-71.93,45.77,0.6,0.4,1.001,0.973,0.957,0.939,0.917,0.847,0.788
Aylmer,QC,-75.83,45.4,0.4,0.5,0.962,0.928,0.885,0.867,0.825,0.796,0.75
Baie-Comeau,QC,-68.15,49.22,0.4,0.5,1.036,1.066,1.075,1.105,1.113,1.097,1.086
Baie-Saint-Paul,QC,-70.51,47.44,0.6,0.4,1.001,1.023,1.069,1.088,1.092,1.06,1.035
Beauport,QC,-71.18,46.87,0.6,0.5,0.995,0.981,0.998,0.997,0.978,0.916,0.879
Bedford,QC,-72.98,45.12,0.4,0.4,0.989,0.945,0.902,0.898,0.853,0.803,0.737
Beloeil,QC,-73.2,45.57,0.4,0.4,0.984,0.939,0.899,0.881,0.845,0.817,0.744
Brome,QC,-72.57,45.2,0.4,0.4,0.995,0.964,0.93,0.915,0.866,0.806,0.744
Brossard,QC,-73.47,45.45,0.4,0.4,0.986,0.948,0.906,0.891,0.853,0.832,0.756
Buckingham,QC,-75.42,45.58,0.4,0.5,0.966,0.937,0.892,0.876,0.827,0.795,0.748
Campbell's Bay,QC,-76.6,45.73,0.4,0.4,0.985,0.948,0.896,0.871,0.833,0.808,0.776
Chambly,QC,-73.28,45.45,0.4,0.4,0.984,0.942,0.902,0.888,0.849,0.821,0.745
Coaticook,QC,-71.8,45.13,0.6,0.4,1.014,1.006,0.989,0.952,0.911,0.829,0.785
Contrecoeur,QC,-73.23,45.85,0.4,0.5,0.986,0.939,0.889,0.865,0.828,0.803,0.742
Cowansville,QC,-72.75,45.2,0.4,0.4,0.991,0.954,0.917,0.907,0.859,0.803,0.739
Deux-Montagnes,QC,-73.88,45.53,0.4,0.4,0.989,0.952,0.909,0.885,0.848,0.819,0.754
Dolbeau,QC,-72.23,48.88,0.3,0.3,1.029,1.03,1.04,1.042,1.049,1.039,1.034
Drummondville,QC,-72.48,45.88,0.4,0.4,0.984,0.926,0.898,0.876,0.849,0.8,0.737
Farnham,QC,-72.98,45.28,0.4,0.4,0.985,0.94,0.9,0.895,0.849,0.802,0.732
Fort-Coulonge,QC,-76.73,45.85,0.4,0.4,0.987,0.956,0.908,0.879,0.836,0.811,0.782
Gagnon,QC,-68.17,51.93,0.4,0.3,1.021,1.03,1.051,1.083,1.105,1.126,1.145
Gaspé,QC,-64.48,48.83,0.6,0.5,1.044,1.075,1.099,1.098,1.08,1.071,1.059
Gatineau,QC,-75.65,45.5,0.4,0.5,0.963,0.93,0.885,0.868,0.823,0.794,0.747
Gracefield,QC,-76.05,46.1,0.4,0.4,0.994,0.971,0.933,0.914,0.873,0.851,0.823
Granby,QC,-72.73,45.4,0.4,0.4,0.985,0.94,0.907,0.896,0.85,0.796,0.728
Harrington-Harbour,QC,-59.48,50.5,0.6,0.5,0.99,0.99,0.984,0.984,0.946,0.897,0.839
Havre-St-Pierre,QC,-63.6,50.23,0.6,0.5,1.02,1.045,1.043,1.049,1.022,1.011,0.99
Hemmingford,QC,-73.58,45.05,0.4,0.4,0.999,0.97,0.944,0.941,0.899,0.868,0.799
Hull,QC,-75.73,45.43,0.4,0.5,0.963,0.929,0.886,0.87,0.826,0.796,0.748
Iberville,QC,-73.23,45.35,0.4,0.4,0.985,0.945,0.903,0.891,0.851,0.819,0.746
Inukjuak,QC,-78.1,58.48,0.2,0.2,0.985,1.013,1.014,1.018,1.024,1.003,0.98
Joliette,QC,-73.45,46.02,0.4,0.5,0.988,0.948,0.913,0.897,0.86,0.821,0.764
Kuujjuaq,QC,-68.4,58.1,0.2,0.2,1.019,1.027,1.035,1.053,1.067,1.112,1.15
Kuujjuarapik,QC,-77.75,55.28,0.3,0.2,1.012,1.037,1.03,1.051,1.046,1.054,1.028
La Pocatière,QC,-70.04,47.37,0.6,0.4,1.02,1.047,1.067,1.078,1.066,1.034,1.016
Lachute,QC,-74.33,45.65,0.4,0.5,0.988,0.959,0.915,0.888,0.847,0.809,0.754
Lac-Mégantic,QC,-70.88,45.58,0.6,0.3,1.01,1.013,1.006,0.993,0.964,0.895,0.863
La-Malbaie,QC,-70.15,47.65,0.6,0.4,1.016,1.046,1.08,1.095,1.101,1.08,1.062
La-Tuque,QC,-72.78,47.43,0.4,0.4,1.028,1.04,1.058,1.055,1.044,1.005,0.992
Lennoxville,QC,-71.85,45.37,0.6,0.4,1.007,0.994,0.983,0.961,0.923,0.843,0.792
Léry,QC,-73.8,45.35,0.4,0.4,0.994,0.961,0.926,0.911,0.872,0.842,0.776
Loretteville,QC,-71.35,46.85,0.6,0.5,0.993,0.972,0.984,0.982,0.963,0.899,0.859
Louiseville,QC,-72.95,46.25,0.4,0.5,0.986,0.941,0.915,0.896,0.861,0.815,0.759
Magog,QC,-72.13,45.27,0.4,0.4,1.007,0.994,0.971,0.945,0.898,0.824,0.772
Malartic,QC,-78.13,48.13,0.3,0.3,1.027,1.046,1.035,1,0.981,0.961,0.939
Maniwaki,QC,-75.97,46.38,0.4,0.4,1,0.975,0.94,0.918,0.884,0.871,0.849
Masson,QC,-75.417,45.533,0.4,0.5,0.965,0.936,0.89,0.876,0.828,0.796,0.747
Matane,QC,-67.53,48.85,0.4,0.3,1.048,1.072,1.07,1.079,1.077,1.068,1.061
Mont-Joli,QC,-68.18,48.58,0.4,0.3,1.043,1.065,1.061,1.067,1.068,1.051,1.039
Mont-Laurier,QC,-75.5,46.55,0.4,0.4,1.003,0.974,0.936,0.921,0.897,0.885,0.868
Montmagny,QC,-70.55,46.98,0.6,0.5,1.008,1.012,1.042,1.048,1.033,0.985,0.952
Beaconsfield,QC,-73.87,45.43,0.4,0.4,0.992,0.957,0.917,0.897,0.86,0.83,0.765
Dorval,QC,-73.75,45.45,0.4,0.6,0.989,0.953,0.912,0.893,0.856,0.829,0.76
Laval,QC,-73.75,45.58,0.4,0.5,0.988,0.949,0.905,0.883,0.846,0.819,0.752
Montréal (city hall),QC,-73.554,45.509,0.4,0.4,0.986,0.948,0.904,0.885,0.848,0.825,0.753
Montréal-Est,QC,-73.52,45.63,0.4,0.4,0.987,0.946,0.901,0.88,0.843,0.819,0.751
Montréal-Nord,QC,-73.63,45.6,0.4,0.5,0.987,0.948,0.903,0.882,0.845,0.82,0.751
Outremont,QC,-73.62,45.52,0.4,0.5,0.987,0.948,0.904,0.884,0.847,0.823,0.752
Pierrefonds,QC,-73.87,45.48,0.4,0.4,0.99,0.954,0.913,0.892,0.854,0.825,0.76
St-Lambert,QC,-73.5,45.5,0.4,0.4,0.986,0.947,0.904,0.886,0.849,0.827,0.753
St-Laurent,QC,-73.67,45.5,0.4,0.5,0.987,0.95,0.907,0.888,0.851,0.826,0.755
Ste-Anne-de-Bellevue,QC,-73.93,45.42,0.4,0.4,0.993,0.96,0.923,0.904,0.865,0.833,0.769
Verdun,QC,-73.57,45.45,0.4,0.5,0.988,0.951,0.911,0.896,0.858,0.835,0.761
Nicolet (Gentilly),QC,-72.28,46.4,0.4,0.4,0.992,0.938,0.915,0.893,0.869,0.816,0.758
Nitchequon,QC,-70.91,53.21,0.3,0.2,1.046,1.076,1.077,1.111,1.12,1.146,1.151
Noranda,QC,-79.02,48.25,0.3,0.3,1.018,1.024,1.016,0.977,0.961,0.93,0.907
Percé,QC,-64.22,48.53,0.6,0.5,1.04,1.042,1.04,1.039,1.029,1,0.954
Pincourt,QC,-73.98,45.38,0.4,0.4,0.994,0.964,0.928,0.911,0.87,0.839,0.774
Plessisville,QC,-71.78,46.22,0.6,0.4,0.988,0.949,0.939,0.923,0.91,0.849,0.792
Port-Cartier,QC,-66.87,50.02,0.4,0.5,1.04,1.044,1.052,1.089,1.116,1.116,1.092
Puvinrituq,QC,-77.283,60.033,0.2,0.2,1.025,1.064,1.07,1.064,1.072,1.073,1.06
Ancienne-Lorette,QC,-71.38,46.78,0.6,0.5,0.992,0.971,0.982,0.979,0.962,0.898,0.857
Lévis,QC,-71.18,46.8,0.6,0.5,0.997,0.979,0.995,0.991,0.971,0.906,0.866
Québec,QC,-71.23,46.8,0.6,0.5,0.995,0.977,0.991,0.988,0.968,0.904,0.864
Sillery,QC,-71.25,46.77,0.6,0.5,0.995,0.977,0.991,0.988,0.969,0.904,0.863
Ste-Foy,QC,-71.28,46.78,0.6,0.5,0.993,0.975,0.987,0.985,0.966,0.902,0.861
Richmond,QC,-72.15,45.67,0.6,0.4,0.998,0.962,0.94,0.921,0.894,0.828,0.764
Rimouski,QC,-68.55,48.43,0.4,0.3,1.045,1.07,1.07,1.073,1.069,1.046,1.028
Rivière-du-Loup,QC,-69.53,47.83,0.6,0.4,1.039,1.068,1.072,1.084,1.072,1.04,1.021
Roberval,QC,-72.23,48.52,0.3,0.3,1.028,1.024,1.047,1.053,1.071,1.054,1.043
Rock-Island,QC,-72.1,45.04,0.4,0.4,1.01,0.995,0.968,0.933,0.885,0.811,0.761
Rosemère,QC,-73.8,45.63,0.4,0.5,0.988,0.949,0.904,0.88,0.843,0.814,0.751
Rouyn,QC,-79.02,48.23,0.3,0.3,1.018,1.024,1.016,0.977,0.961,0.93,0.907
Saguenay,QC,-71.07,48.43,0.4,0.3,1.029,1.055,1.08,1.1,1.108,1.091,1.079
Saguenay (Bagotville),QC,-70.88,48.35,0.4,0.3,1.039,1.068,1.094,1.118,1.131,1.12,1.116
Saguenay (Jonquière),QC,-71.22,48.42,0.4,0.3,1.022,1.048,1.075,1.094,1.098,1.079,1.063
Saguenay (Kénogami),QC,-71.25,48.42,0.4,0.3,1.022,1.048,1.075,1.094,1.098,1.079,1.063
Saint-Eustache,QC,-73.9,45.56,0.4,0.4,0.989,0.952,0.909,0.885,0.848,0.819,0.754
Saint-Jean-sur-Richelieu,QC,-73.26,45.31,0.4,0.4,0.987,0.947,0.904,0.893,0.852,0.821,0.748
Salaberry-de-Valleyfield,QC,-74.13,45.25,0.4,0.4,0.998,0.979,0.951,0.943,0.893,0.863,0.789
Schefferville,QC,-66.83,54.8,0.3,0.2,0.994,0.998,0.992,1.015,1.04,1.039,1.047
Senneterre,QC,-77.23,48.38,0.3,0.3,1.035,1.064,1.074,1.051,1.032,0.997,0.97
Sept-Îles,QC,-66.38,50.2,0.4,0.5,1.029,1.034,1.034,1.071,1.094,1.102,1.09
Shawinigan,QC,-72.75,46.55,0.4,0.5,0.994,0.969,0.961,0.948,0.91,0.856,0.808
Shawville,QC,-76.48,45.6,0.4,0.4,0.978,0.938,0.886,0.861,0.824,0.799,0.766
Sherbrooke,QC,-71.9,45.42,0.6,0.4,1.006,0.991,0.977,0.956,0.921,0.842,0.789
Sorel,QC,-73.12,46.03,0.4,0.4,0.986,0.941,0.9,0.878,0.842,0.809,0.75
Ste-Agathe-des-Monts,QC,-74.28,46.05,0.4,0.5,0.991,0.979,0.944,0.935,0.891,0.845,0.805
St-Félicien,QC,-72.45,48.65,0.3,0.3,1.025,1.02,1.037,1.043,1.056,1.05,1.051
St-Georges-de-Cacouna,QC,-69.5,47.92,0.6,0.3,1.037,1.063,1.069,1.08,1.071,1.04,1.022
St-Hubert,QC,-73.42,45.5,0.4,0.4,0.985,0.946,0.903,0.887,0.849,0.829,0.753
St-Hubert-de-Rivière-du-Loup,QC,-69.15,47.817,0.6,0.3,1.037,1.054,1.056,1.057,1.054,1.021,1.001
St-Hyacinthe,QC,-72.95,45.62,0.4,0.4,0.983,0.929,0.896,0.877,0.842,0.803,0.732
St-Jérôme,QC,-74,45.78,0.4,0.5,0.99,0.958,0.923,0.907,0.871,0.828,0.772
St-Jovite,QC,-74.6,46.12,0.4,0.5,0.991,0.985,0.945,0.935,0.89,0.848,0.816
St-Lazare-Hudson,QC,-74.14,45.4,0.4,0.4,0.993,0.966,0.928,0.911,0.867,0.836,0.769
St-Nicolas,QC,-71.4,46.7,0.6,0.5,0.991,0.969,0.979,0.974,0.958,0.894,0.851
Sutton,QC,-72.62,45.1,0.4,0.4,0.999,0.971,0.933,0.918,0.871,0.81,0.752
Tadoussac,QC,-69.72,48.15,0.4,0.4,1.028,1.047,1.067,1.088,1.102,1.08,1.061
Témiscaming,QC,-79.1,46.72,0.4,0.3,1.005,0.988,0.989,0.944,0.927,0.854,0.821
Terrebonne,QC,-73.63,45.69,0.4,0.5,0.988,0.947,0.9,0.876,0.839,0.813,0.749
Thetford Mines,QC,-71.3,46.08,0.6,0.4,1.005,0.994,1.005,0.99,0.972,0.902,0.86
Thurso,QC,-75.25,45.6,0.4,0.5,0.967,0.942,0.896,0.881,0.831,0.797,0.749
Trois-Rivières,QC,-72.55,46.35,0.4,0.4,0.99,0.938,0.914,0.893,0.865,0.814,0.756
Val-d'Or,QC,-77.78,48.1,0.3,0.3,1.031,1.052,1.054,1.013,0.996,0.962,0.943
Varennes,QC,-73.43,45.68,0.4,0.4,0.987,0.944,0.897,0.876,0.839,0.816,0.749
Verchères,QC,-73.35,45.78,0.4,0.4,0.986,0.943,0.894,0.872,0.835,0.812,0.747
Victoriaville,QC,-71.97,46.05,0.6,0.4,0.988,0.948,0.928,0.91,0.893,0.836,0.779
Ville-Marie,QC,-79.43,47.33,0.4,0.3,1.004,1.004,1.012,0.973,0.952,0.888,0.869
Wakefield,QC,-75.93,45.64,0.4,0.4,0.968,0.932,0.888,0.863,0.823,0.799,0.766
Waterloo,QC,-72.52,45.35,0.4,0.4,0.993,0.958,0.927,0.909,0.863,0.802,0.74
Windsor,QC,-72,45.57,0.4,0.4,1.005,0.98,0.96,0.941,0.912,0.838,0.777
Alma,NB,-64.95,45.6,0.6,0.6,0.932,0.884,0.807,0.737,0.642,0.558,0.478
Bathurst,NB,-65.65,47.62,0.6,0.4,1.04,1.038,1.031,1.03,1.017,0.964,0.904
Boiestown,NB,-66.419,46.455,0.6,0.5,1.021,1.019,0.991,0.95,0.91,0.829,0.759
Campbellton,NB,-66.67,48,0.4,0.3,1.017,1.024,1.039,1.039,1.044,1.025,1.002
Edmundston,NB,-68.33,47.37,0.6,0.4,1.022,1.028,1.025,1.022,1.01,0.972,0.943
Fredericton,NB,-66.65,45.95,0.6,0.6,0.989,0.964,0.919,0.861,0.801,0.717,0.646
Gagetown,NB,-66.16,45.79,0.6,0.6,1.008,0.985,0.919,0.858,0.778,0.679,0.593
Grand Falls,NB,-67.73,47.05,0.6,0.4,1.002,1,0.992,0.97,0.94,0.902,0.869
Miramichi,NB,-65.47,47.03,0.6,0.5,1.043,1.058,1.038,1.022,0.97,0.892,0.819
Moncton,NB,-64.78,46.1,0.6,0.5,0.978,0.962,0.895,0.832,0.716,0.61,0.513
Oromocto,NB,-66.48,45.84,0.6,0.6,0.988,0.961,0.909,0.848,0.781,0.691,0.614
Sackville,NB,-64.37,45.88,0.6,0.5,0.944,0.913,0.83,0.754,0.624,0.521,0.431
Saint Andrews ,NB,-67.05,45.07,0.6,0.8,0.947,0.9,0.808,0.717,0.61,0.534,0.474
Saint George ,NB,-66.82,45.13,0.6,0.8,0.943,0.897,0.807,0.718,0.611,0.534,0.474
Saint John,NB,-66.05,45.267,0.6,0.7,0.93,0.878,0.809,0.723,0.622,0.545,0.484
Shippagan,NB,-64.7,47.73,0.6,0.5,1.039,1.051,1.036,1.027,0.987,0.924,0.852
St. Stephen,NB,-67.28,45.2,0.6,0.7,0.952,0.909,0.826,0.745,0.649,0.576,0.514
Woodstock,NB,-67.6,46.16,0.6,0.5,0.994,0.978,0.948,0.902,0.861,0.798,0.748
Amherst,NS,-64.2,45.83,0.6,0.5,0.939,0.91,0.835,0.762,0.634,0.527,0.434
Antigonish,NS,-62,45.62,0.6,0.6,0.897,0.842,0.772,0.69,0.558,0.452,0.386
Bridgewater,NS,-64.52,44.38,0.6,0.6,0.841,0.748,0.677,0.591,0.502,0.411,0.346
Canso,NS,-61,45.33,0.6,0.7,0.869,0.785,0.682,0.585,0.451,0.357,0.286
Dartmouth,NS,-63.57,44.67,0.6,0.8,0.852,0.773,0.681,0.58,0.459,0.372,0.306
Debert,NS,-63.47,45.43,0.6,0.6,0.916,0.871,0.804,0.718,0.609,0.508,0.429
Digby,NS,-65.77,44.62,0.6,0.6,0.893,0.813,0.736,0.654,0.562,0.489,0.433
Greenwood (CFB),NS,-64.9,44.98,0.6,0.6,0.925,0.858,0.79,0.709,0.622,0.549,0.482
Halifax,NS,-63.6,44.65,0.6,0.7,0.845,0.764,0.672,0.576,0.456,0.371,0.305
Kentville,NS,-64.5,45.08,0.6,0.6,0.925,0.873,0.812,0.732,0.644,0.566,0.502
Liverpool,NS,-64.72,44.03,0.6,0.7,0.808,0.731,0.653,0.571,0.473,0.384,0.309
Lockeport,NS,-65.12,43.7,0.6,0.6,0.794,0.718,0.642,0.564,0.47,0.381,0.303
Louisburg,NS,-59.98,45.92,0.7,0.8,0.861,0.757,0.654,0.557,0.432,0.334,0.266
Lunenburg,NS,-64.32,44.38,0.6,0.7,0.833,0.754,0.679,0.597,0.497,0.412,0.342
New Glasgow,NS,-62.65,45.58,0.6,0.5,0.911,0.863,0.79,0.706,0.584,0.478,0.401
North Sydney,NS,-60.25,46.22,0.6,0.8,0.86,0.756,0.663,0.577,0.465,0.36,0.288
Pictou,NS,-62.72,45.68,0.6,0.5,0.913,0.87,0.803,0.724,0.597,0.487,0.408
Port Hawkesbury,NS,-61.35,45.62,0.6,0.7,0.893,0.817,0.723,0.627,0.482,0.38,0.314
Springhill,NS,-64.05,45.65,0.6,0.5,0.924,0.888,0.822,0.749,0.635,0.533,0.443
Stewiacke,NS,-63.35,45.13,0.6,0.6,0.893,0.83,0.754,0.656,0.542,0.453,0.387
Sydney,NS,-60.18,46.15,0.6,0.8,0.841,0.726,0.631,0.541,0.432,0.333,0.265
Tatamagouche,NS,-63.3,45.72,0.6,0.5,0.925,0.891,0.827,0.752,0.627,0.514,0.424
Truro,NS,-63.27,45.37,0.6,0.6,0.908,0.855,0.786,0.696,0.586,0.489,0.415
Wolfville,NS,-64.37,45.08,0.6,0.6,0.923,0.872,0.811,0.73,0.641,0.563,0.499
Yarmouth,NS,-66.12,43.83,0.6,0.6,0.848,0.783,0.712,0.641,0.537,0.439,0.365
Charlottetown,PE,-63.133,46.233,0.6,0.5,0.938,0.911,0.854,0.787,0.662,0.545,0.453
Souris,PE,-62.25,46.35,0.6,0.6,0.912,0.861,0.79,0.714,0.584,0.472,0.4
Summerside,PE,-63.783,46.4,0.6,0.5,1.019,1.026,0.991,0.959,0.852,0.715,0.595
Tignish,PE,-64.03,46.95,0.6,0.5,1.019,1.026,0.99,0.958,0.852,0.719,0.603
Argentia,NL,-53.98,47.3,0.7,0.7,0.96,0.911,0.822,0.736,0.609,0.51,0.421
Bonavista,NL,-53.12,48.65,0.6,0.5,0.985,0.96,0.901,0.822,0.696,0.588,0.485
Buchans,NL,-56.867,48.817,0.6,0.5,1.014,1.019,1.003,0.971,0.915,0.873,0.816
Cape Harrison,NL,-57.95,54.78,0.4,0.2,1.035,1.069,1.093,1.117,1.154,1.185,1.219
Cape Race,NL,-53.07,46.65,0.7,0.6,0.993,0.889,0.676,0.57,0.446,0.351,0.274
Channel-Port aux Basques,NL,-59.15,47.57,0.7,0.8,0.956,0.877,0.782,0.692,0.578,0.485,0.423
Corner Brook,NL,-57.95,48.95,0.6,0.5,0.997,0.967,0.933,0.887,0.84,0.764,0.705
Gander,NL,-54.59,48.98,0.6,0.4,1.049,1.062,1.064,1.038,0.952,0.855,0.739
Grand Bank,NL,-55.77,47.1,0.7,0.8,0.966,0.928,0.872,0.8,0.68,0.566,0.485
Grand Falls,NL,-55.67,48.93,0.6,0.4,1.026,1.031,1.031,1.006,0.944,0.873,0.793
Happy Valley-Goose Bay,NL,-60.37,53.32,0.4,0.2,1.038,1.066,1.084,1.114,1.134,1.17,1.19
Labrador City,NL,-66.92,52.95,0.3,0.2,1.017,1.045,1.077,1.109,1.127,1.142,1.164
St. Anthony,NL,-55.58,51.37,0.6,0.4,1.063,1.084,1.109,1.129,1.132,1.131,1.102
St. John's,NL,-52.72,47.57,0.7,0.7,0.926,0.831,0.703,0.602,0.484,0.392,0.318
Stephenville,NL,-58.58,48.55,0.6,0.6,0.986,0.944,0.894,0.831,0.769,0.674,0.61
Twin Falls,NL,-64.53,53.5,0.4,0.2,1.056,1.07,1.111,1.125,1.169,1.184,1.237
Wabana,NL,-52.95,47.63,0.7,0.7,0.935,0.863,0.75,0.648,0.52,0.424,0.346
Wabush,NL,-66.87,52.92,0.3,0.2,1.019,1.048,1.082,1.112,1.129,1.141,1.165
Aishihik,YT,-137.517,61.6,0.1,0.1,1.036,1.055,1.063,1.072,1.087,1.131,1.174
Dawson,YT,-139.42,64.07,0.1,0.1,1.08,1.098,1.141,1.188,1.209,1.242,1.304
Destruction Bay,YT,-138.8,61.25,0.1,0,1.054,1.098,1.107,1.101,1.105,1.121,1.165
Faro,YT,-133.357,62.227,0.1,0.1,1.058,1.1,1.121,1.15,1.162,1.191,1.192
Haines Junction,YT,-137.54,60.78,0.1,0,1.031,1.044,1.08,1.115,1.153,1.223,1.283
Snag,YT,-140.37,62.4,0.1,0,1.047,1.081,1.148,1.18,1.228,1.289,1.37
Teslin,YT,-132.72,60.17,0.1,0.1,1.095,1.143,1.219,1.236,1.263,1.32,1.343
Watson Lake,YT,-128.71,60.13,0.1,0.1,1.065,1.083,1.092,1.057,1.044,1.046,1.081
Whitehorse,YT,-135.05,60.72,0.1,0.1,1.047,1.108,1.173,1.233,1.272,1.368,1.389
Aklavik,NT,-135.01,68.23,0.1,0,0.995,1.015,1.011,1.064,1.096,1.081,1.052
Echo Bay / Port Radium,NT,-117.88,66.05,0.1,0.1,1.02,1.06,1.066,1.109,1.13,1.118,1.125
Fort Good Hope,NT,-128.63,66.29,0.1,0.1,1.042,1.094,1.12,1.127,1.131,1.14,1.166
Fort McPherson ,NT,-134.88,67.43,0.1,0,0.976,0.979,1,1.028,1.075,1.062,1.074
Fort Providence,NT,-117.65,61.35,0.1,0.1,1.061,1.065,1.071,1.09,1.079,1.093,1.136
Fort Resolution,NT,-113.67,61.19,0.1,0.1,1.004,1.003,1.053,1.095,1.1,1.1,1.12
Fort Simpson,NT,-121.35,61.93,0.1,0.1,1.001,0.985,1.016,0.992,1,1.006,1.029
Fort Smith,NT,-111.88,60,0.2,0.1,1.003,1.019,1.009,0.986,0.962,0.975,1.01
Hay River,NT,-115.733,60.85,0.1,0.1,1.026,1.021,1.053,1.102,1.123,1.128,1.155
Inuvik,NT,-133.72,68.35,0.1,0,1.063,1.096,1.103,1.155,1.19,1.195,1.188
Mould Bay,NT,-119.33,76.23,0.1,0.1,1.005,1.024,0.984,1.005,1.032,1.102,1.13
Norman Wells,NT,-126.85,65.283,0.1,0,1.022,1.036,1.054,1.044,1.042,1.019,1.051
Rae-Edzo,NT,-116.05,62.83,0.1,0.1,1.008,0.987,1.046,1.074,1.07,1.073,1.099
Tungsten,NT,-128.27,61.95,0.1,0.1,1.006,1.024,1.053,1.052,1.04,1,1.007
Ulukhaqtuuq / Holman,NT,-117.75,70.73,0.1,0.1,0.992,0.94,0.962,0.976,0.998,1.03,1.05
Wrigley,NT,-123.47,63.23,0.1,0.1,0.962,0.949,0.964,0.951,0.929,0.971,0.989
Yellowknife,NT,-114.35,62.48,0.1,0.2,1.01,0.999,1.058,1.046,1.045,1.006,1.032
Alert,NU,-62.25,82.48,0.1,0.1,1.028,1.065,1.156,1.158,1.188,1.194,1.246
Arctic Bay,NU,-85.17,73.03,0.1,0.2,1.001,1.008,1.04,1.036,1.032,1.076,1.102
Arviat,NU,-94.05,61.12,0.2,0.1,1.037,1.048,1.097,1.192,1.229,1.234,1.216
Baker Lake,NU,-96.02,64.32,0.2,0.2,1.017,1.018,1.029,1.063,1.118,1.159,1.201
Eureka,NU,-85.95,79.983,0.1,0.1,1.028,1.065,1.156,1.158,1.188,1.194,1.246
Igluligaarjuk / Chesterfield Inlet,NU,-90.7,63.33,0.2,0.2,1.027,1.08,1.075,1.155,1.226,1.25,1.264
Iqaluit,NU,-68.5,63.73,0.2,0.1,1.041,1.104,1.102,1.179,1.196,1.241,1.242
Iqaluktuuttiaq / Cambridge Bay,NU,-105.03,69.12,0.1,0.1,0.999,1.029,1.073,1.118,1.091,1.04,1.069
Isachsen,NU,-103.53,78.78,0.1,0.1,1.038,1.065,1.115,1.134,1.17,1.16,1.183
Kangiqiniq / Rankin Inlet,NU,-92.08,62.82,0.2,0.2,1.044,1.079,1.083,1.164,1.229,1.251,1.259
Kanngiqtugaapik / Clyde River,NU,-68.57,70.45,0.2,0.1,1.05,1.052,1.066,1.067,1.087,1.11,1.137
Kugluktuk,NU,-115.08,67.83,0.1,0.1,1.03,1.063,1.067,1.074,1.066,1.085,1.116
Nottingham Island,NU,-78,63.1,0.2,0.2,1.011,1.023,1.033,1.055,1.059,1.071,1.083
Resolute,NU,-94.9,74.68,0.1,0.1,0.997,1.006,1.002,1.007,1.032,1.044,1.066
Resolution Island,NU,-64.883,61.3,0.2,0.1,1.015,1.016,1.039,1.062,1.103,1.134,1.147
Salliq / Coral Harbour,NU,-83.17,64.13,0.2,0.1,1.072,1.107,1.143,1.155,1.247,1.298,1.326
