Location,prov,Longitude,Latitude,HDD (NBCC),HDD (degC-day),CF_0.5C (degC-day),CF_1.0C (degC-day),CF_1.5C (degC-day),CF_2.0C (degC-day),CF_2.5C (degC-day),CF_3.0C (degC-day),CF_3.5C (degC-day)
100 Mile House,BC,-121.283,51.65,5030,5030,-240,-450,-680,-890,-1100,-1280,-1470
Abbotsford,BC,-122.329,49.052,2860,2860,-220,-410,-600,-760,-920,-1060,-1200
Agassiz,BC,-121.77,49.23,2750,2885,-230,-440,-640,-820,-1000,-1160,-1320
Alberni,BC,-124.8,49.27,3100,3080,-220,-410,-600,-770,-930,-1080,-1220
Ashcroft,BC,-121.28,50.72,3700,4520,-220,-420,-630,-810,-1010,-1180,-1360
Bamfield,BC,-125.13,48.83,3080,3070,-200,-390,-560,-720,-880,-1020,-1160
Beatton River,BC,-121.4,57.38,6300,6275,-280,-510,-740,-960,-1170,-1370,-1570
Bella Bella,BC,-128.14,52.16,3180,3125,-230,-450,-660,-850,-1030,-1190,-1360
Bella Coola,BC,-126.75,52.37,3560,3580,-290,-550,-810,-1060,-1290,-1520,-1740
Burns Lake,BC,-125.75,54.23,5450,5525,-270,-510,-750,-970,-1200,-1410,-1620
Cache Creek,BC,-121.32,50.8,3700,4600,-240,-440,-660,-860,-1060,-1250,-1440
Campbell River,BC,-125.24,50.02,3000,2975,-230,-430,-620,-800,-970,-1120,-1280
Carmi,BC,-119.12,49.5,4750,3825,-250,-470,-700,-910,-1120,-1320,-1520
Castlegar,BC,-117.67,49.32,3580,3585,-220,-410,-610,-790,-980,-1150,-1310
Chetwynd,BC,-121.63,55.7,5500,5490,-270,-490,-710,-920,-1130,-1320,-1510
Chilliwack,BC,-121.95,49.167,2780,2795,-230,-430,-630,-800,-970,-1120,-1270
Comox,BC,-124.93,49.68,2930,2975,-220,-420,-610,-780,-950,-1100,-1260
Courtenay,BC,-124.98,49.68,2930,3015,-220,-420,-610,-780,-950,-1100,-1260
Cranbrook,BC,-115.77,49.5,4400,4395,-230,-440,-650,-840,-1040,-1210,-1390
Crescent Valley,BC,-117.55,49.45,3650,3580,-250,-470,-690,-890,-1110,-1300,-1480
Crofton,BC,-123.65,48.87,2880,2790,-210,-400,-580,-750,-920,-1070,-1220
Dawson Creek,BC,-120.23,55.77,5900,5825,-260,-470,-690,-900,-1100,-1280,-1460
Dease Lake ,BC,-130,58.44,6730,6705,-290,-550,-810,-1060,-1310,-1560,-1810
Dog Creek,BC,-122.3,51.58,4800,4750,-220,-410,-600,-790,-970,-1130,-1300
Duncan,BC,-123.7,48.78,2980,2875,-200,-390,-570,-740,-910,-1060,-1210
Elko,BC,-115.12,49.3,4600,4620,-230,-440,-660,-850,-1050,-1230,-1410
Fernie,BC,-115.07,49.5,4750,4805,-250,-470,-700,-910,-1130,-1310,-1500
Fort Nelson,BC,-122.7,58.83,6710,6510,-280,-510,-730,-960,-1170,-1370,-1570
Fort St. John,BC,-120.85,56.25,5750,5830,-270,-500,-720,-940,-1140,-1340,-1540
Glacier,BC,-117.52,51.27,5800,5800,-290,-540,-810,-1060,-1320,-1550,-1790
Gold River ,BC,-126.05,49.78,3230,3265,-230,-430,-630,-810,-990,-1150,-1300
Golden,BC,-116.97,51.3,4750,5215,-270,-510,-760,-980,-1220,-1440,-1650
Grand Forks,BC,-118.45,49.03,3820,3825,-200,-390,-580,-750,-930,-1090,-1250
Greenwood,BC,-118.68,49.1,4100,3835,-230,-430,-640,-820,-1020,-1190,-1370
Hope,BC,-121.44,49.38,2820,3180,-250,-470,-700,-900,-1100,-1280,-1450
Jordan River ,BC,-124.05,48.42,2900,2960,-210,-410,-600,-770,-940,-1100,-1260
Kamloops,BC,-120.32,50.67,3450,3945,-230,-430,-640,-840,-1040,-1230,-1410
Kaslo,BC,-116.92,49.92,3830,3875,-240,-450,-660,-850,-1060,-1240,-1420
Kelowna,BC,-119.48,49.88,3400,3490,-220,-420,-630,-820,-1010,-1180,-1360
Kimberley,BC,-115.98,49.68,4650,4595,-230,-430,-640,-820,-1020,-1190,-1360
Kitimat Plant,BC,-128.63,54.05,3750,3915,-300,-570,-850,-1100,-1340,-1560,-1780
Kitimat Townsite,BC,-128.65,54.07,3900,3910,-310,-590,-860,-1120,-1370,-1590,-1820
Ladysmith,BC,-123.82,48.99,2920,2830,-210,-400,-590,-760,-930,-1090,-1240
Langford,BC,-123.5,48.45,2750,2885,-210,-390,-560,-720,-860,-990,-1120
Lillooet,BC,-121.93,50.68,3400,4620,-240,-440,-650,-840,-1040,-1220,-1400
Lytton,BC,-121.57,50.23,3300,3785,-220,-420,-620,-800,-980,-1150,-1320
Mackenzie,BC,-123.08,55.3,5550,5605,-280,-510,-750,-980,-1210,-1430,-1640
Masset,BC,-132.1,54.02,3700,3475,-240,-460,-680,-880,-1070,-1250,-1430
McBride,BC,-120.17,53.3,4980,4985,-280,-520,-770,-1000,-1240,-1460,-1680
McLeod Lake,BC,-123.03,54.98,5450,5510,-270,-500,-730,-960,-1180,-1380,-1580
Merritt,BC,-120.783,50.1,3900,3845,-240,-450,-660,-860,-1060,-1240,-1420
Mission City,BC,-122.3,49.13,2850,2870,-220,-410,-600,-760,-910,-1050,-1190
Montrose,BC,-117.58,49.08,3600,3540,-220,-420,-630,-810,-1010,-1180,-1350
Nakusp,BC,-117.8,50.23,3560,3985,-240,-460,-680,-870,-1080,-1260,-1450
Nanaimo,BC,-123.93,49.17,2920,2705,-210,-400,-590,-760,-930,-1070,-1220
Nelson,BC,-117.28,49.48,3500,3580,-260,-490,-740,-950,-1180,-1380,-1580
Ocean Falls,BC,-127.7,52.35,3400,3325,-250,-480,-700,-900,-1090,-1270,-1440
Osoyoos,BC,-119.5,49.03,3100,3300,-220,-410,-610,-790,-970,-1150,-1320
Parksville,BC,-124.33,49.32,3200,2960,-210,-390,-560,-720,-880,-1020,-1150
Penticton,BC,-119.58,49.5,3350,3465,-240,-460,-680,-880,-1090,-1290,-1480
Port Alberni,BC,-124.8,49.233,3100,3070,-220,-400,-590,-760,-920,-1070,-1210
Port Alice ,BC,-127.45,50.38,3010,3180,-220,-430,-640,-830,-1010,-1170,-1330
Port Hardy,BC,-127.42,50.7,3440,3440,-230,-430,-640,-820,-990,-1150,-1310
Port McNeill,BC,-127.1,50.58,3410,3360,-230,-440,-640,-830,-1000,-1160,-1310
Port Renfrew ,BC,-124.4,48.56,2900,3065,-210,-410,-600,-780,-940,-1100,-1250
Powell River,BC,-124.52,49.83,3100,3015,-220,-400,-590,-750,-910,-1050,-1190
Prince George,BC,-122.75,53.92,4720,5020,-250,-470,-690,-900,-1110,-1310,-1500
Prince Rupert,BC,-130.32,54.32,3900,3655,-280,-520,-760,-980,-1190,-1380,-1580
Princeton,BC,-120.51,49.5,4250,4110,-230,-440,-650,-840,-1030,-1200,-1380
Qualicum Beach,BC,-124.45,49.35,2990,3120,-200,-380,-550,-700,-850,-990,-1120
Queen Charlotte City,BC,-132.08,53.26,3520,3490,-230,-450,-670,-870,-1060,-1250,-1430
Quesnel,BC,-122.48,52.98,4650,4785,-240,-450,-660,-860,-1060,-1250,-1430
Revelstoke,BC,-118.2,50.98,4000,4360,-280,-530,-800,-1040,-1300,-1530,-1770
Salmon Arm,BC,-119.28,50.7,3650,3990,-240,-450,-670,-870,-1070,-1260,-1450
Sandspit,BC,-131.82,53.25,3450,3385,-230,-450,-670,-870,-1060,-1250,-1430
Sechelt,BC,-123.75,49.47,2680,2730,-210,-390,-570,-730,-880,-1020,-1160
Sidney,BC,-123.4,48.65,2850,2780,-200,-380,-550,-700,-840,-970,-1100
Smith River,BC,-126.43,59.88,7100,6985,-290,-550,-790,-1030,-1260,-1490,-1710
Smithers,BC,-127.167,54.783,5040,5060,-280,-520,-770,-1000,-1230,-1460,-1680
Sooke,BC,-123.72,48.38,2900,3020,-200,-390,-570,-720,-880,-1020,-1150
Squamish,BC,-123.15,49.7,2950,2985,-270,-510,-740,-950,-1150,-1330,-1510
Stewart,BC,-129.98,55.93,4350,4430,-330,-630,-930,-1230,-1520,-1810,-2100
Tahsis,BC,-126.65,49.93,3150,3185,-240,-450,-650,-850,-1030,-1200,-1360
Taylor,BC,-120.69,56.2,5720,5795,-270,-490,-710,-920,-1120,-1320,-1510
Terrace,BC,-128.6,54.52,4150,4090,-280,-540,-800,-1040,-1270,-1480,-1690
Tofino,BC,-125.88,49.12,3150,3080,-210,-410,-600,-770,-940,-1090,-1240
Trail,BC,-117.7,49.1,3600,3550,-220,-420,-620,-800,-990,-1160,-1330
Ucluelet,BC,-125.55,48.93,3120,3030,-200,-390,-580,-740,-900,-1050,-1200
Burnaby (Simon Fraser Univ.),BC,-122.92,49.28,3100,2765,-210,-390,-570,-720,-870,-1010,-1140
Cloverdale,BC,-122.733,49.1,2700,2695,-220,-400,-590,-750,-900,-1040,-1180
Haney,BC,-122.6,49.22,2840,2950,-230,-430,-630,-800,-960,-1100,-1250
Ladner,BC,-123.08,49.08,2600,2695,-190,-360,-530,-680,-820,-950,-1080
Langley,BC,-122.65,49.1,2700,2725,-220,-410,-590,-750,-900,-1040,-1170
New Westminster,BC,-122.92,49.22,2800,2720,-200,-370,-540,-690,-830,-960,-1090
North Vancouver,BC,-123.07,49.32,2910,2680,-220,-410,-590,-760,-920,-1060,-1200
Richmond,BC,-123.1,49.17,2800,2710,-190,-360,-530,-680,-820,-950,-1080
Surrey (88 Ave & 156 St.),BC,-122.79,49.163,2750,2720,-220,-410,-590,-750,-910,-1050,-1180
Vancouver (city hall),BC,-123.12,49.25,2825,2640,-200,-380,-560,-710,-860,-990,-1120
Vancouver (Granville & 41 Ave),BC,-123.14,49.234,2925,2735,-200,-380,-550,-700,-840,-970,-1100
West Vancouver,BC,-123.17,49.33,2950,2710,-220,-420,-610,-780,-940,-1080,-1230
Vernon,BC,-119.27,50.3,3600,3680,-220,-420,-630,-810,-1010,-1180,-1360
Victoria,BC,-123.37,48.43,2650,2815,-210,-390,-570,-730,-880,-1010,-1140
Victoria Gonzales Height,BC,-123.32,48.42,2700,2760,-210,-390,-570,-730,-880,-1010,-1140
Victoria Mt Tolmie,BC,-123.33,48.47,2700,2750,-210,-390,-560,-720,-860,-990,-1120
Whistler ,BC,-122.96,50.12,4180,3970,-290,-550,-820,-1050,-1300,-1520,-1750
White Rock ,BC,-122.8,49.02,2620,2675,-210,-390,-570,-730,-870,-1010,-1140
Williams Lake,BC,-122.15,52.133,4400,4685,-230,-430,-650,-840,-1040,-1220,-1400
Youbou,BC,-124.2,48.88,3050,2980,-220,-420,-610,-790,-970,-1130,-1290
Athabasca,AB,-113.28,54.72,6000,5905,-270,-470,-690,-900,-1100,-1280,-1460
Banff,AB,-115.57,51.17,5500,5710,-270,-490,-730,-950,-1180,-1380,-1580
Barrhead,AB,-114.4,54.13,5740,5595,-260,-460,-670,-870,-1060,-1230,-1400
Beaverlodge,AB,-119.43,55.22,5700,5735,-260,-480,-710,-920,-1120,-1300,-1490
Brooks,AB,-111.88,50.58,4880,4880,-210,-380,-560,-730,-890,-1030,-1160
Calgary,AB,-114.08,51.05,5000,5000,-240,-430,-630,-810,-1000,-1160,-1320
Campsie,AB,-114.65,54.13,5750,5680,-260,-460,-670,-860,-1060,-1230,-1400
Camrose,AB,-112.83,53.02,5500,5505,-260,-460,-670,-860,-1060,-1230,-1400
Canmore,AB,-115.35,51.09,5400,5685,-270,-490,-730,-940,-1170,-1370,-1570
Cardston,AB,-113.3,49.2,4700,4665,-220,-410,-610,-790,-970,-1110,-1260
Claresholm,AB,-113.58,50.03,4680,4685,-210,-400,-590,-760,-930,-1080,-1220
Cold Lake,AB,-110.17,54.45,5860,6055,-270,-480,-700,-910,-1130,-1310,-1500
Coleman,AB,-114.5,49.63,5210,5150,-250,-470,-690,-890,-1110,-1290,-1470
Coronation,AB,-111.45,52.08,5640,5580,-240,-430,-630,-810,-990,-1150,-1300
Cowley,AB,-114.08,49.57,4810,4900,-230,-430,-640,-820,-1020,-1180,-1340
Drumheller,AB,-112.7,51.47,5050,5180,-230,-410,-600,-780,-960,-1110,-1250
Edmonton,AB,-113.47,53.55,5120,5380,-260,-450,-660,-860,-1050,-1220,-1390
Edson,AB,-116.43,53.58,5750,5535,-250,-450,-660,-850,-1040,-1200,-1370
Embarras Portage,AB,-111.47,58.45,7100,6705,-300,-530,-770,-1020,-1270,-1480,-1700
Fairview,AB,-118.38,56.07,5840,5890,-270,-490,-710,-930,-1140,-1320,-1510
Fort MacLeod,AB,-113.42,49.72,4600,4595,-210,-390,-580,-750,-930,-1070,-1210
Fort McMurray,AB,-111.38,56.73,6250,6260,-280,-500,-730,-950,-1170,-1370,-1570
Fort Saskatchewan,AB,-113.22,53.72,5420,5520,-260,-450,-660,-860,-1050,-1220,-1390
Fort Vermilion,AB,-116,58.4,6700,6615,-280,-500,-730,-950,-1170,-1380,-1580
Grande Prairie,AB,-118.8,55.17,5790,5700,-250,-460,-670,-870,-1060,-1230,-1400
Habay,AB,-118.73,58.83,6750,6555,-290,-510,-740,-970,-1180,-1390,-1600
Hardisty,AB,-111.3,52.67,5640,5520,-260,-460,-670,-870,-1060,-1230,-1390
High River,AB,-113.87,50.58,4900,4925,-230,-420,-620,-790,-980,-1130,-1280
Hinton,AB,-117.58,53.4,5500,5505,-250,-470,-690,-890,-1090,-1270,-1450
Jasper,AB,-118.08,52.88,5300,5480,-270,-500,-740,-970,-1190,-1400,-1610
Keg River,AB,-117.62,57.75,6520,6390,-280,-500,-730,-950,-1160,-1350,-1540
Lac la Biche,AB,-111.97,54.77,6100,6000,-260,-470,-690,-890,-1100,-1270,-1450
Lacombe,AB,-113.73,52.47,5500,5405,-250,-450,-650,-830,-1020,-1190,-1350
Lethbridge,AB,-112.82,49.7,4500,4470,-210,-380,-560,-720,-890,-1030,-1160
Manning,AB,-117.62,56.92,6300,6225,-270,-480,-690,-900,-1100,-1290,-1470
Medicine Hat,AB,-110.67,50.05,4540,4775,-200,-360,-540,-700,-870,-1000,-1130
Peace River,AB,-117.28,56.23,6050,5985,-270,-480,-700,-910,-1120,-1310,-1490
Pincher Creek,AB,-113.95,49.48,4740,4855,-230,-430,-630,-820,-1010,-1170,-1340
Ranfurly,AB,-111.68,53.42,5700,5690,-260,-470,-690,-900,-1100,-1280,-1450
Red Deer,AB,-113.8,52.27,5550,5360,-250,-450,-650,-830,-1020,-1180,-1340
Rocky Mountain House,AB,-114.92,52.37,5640,5505,-240,-430,-630,-810,-1000,-1160,-1310
Slave Lake,AB,-114.77,55.28,5850,5920,-270,-480,-690,-900,-1100,-1280,-1460
Stettler,AB,-112.72,52.32,5300,5435,-250,-450,-650,-840,-1030,-1190,-1350
Stony Plain,AB,-114,53.53,5300,5360,-250,-440,-650,-840,-1020,-1190,-1350
Suffield,AB,-111.17,50.2,4770,4730,-200,-360,-540,-700,-870,-1000,-1130
Taber,AB,-112.15,49.78,4580,4550,-200,-370,-540,-700,-860,-990,-1120
Turner Valley,AB,-114.28,50.67,5220,5205,-240,-440,-650,-830,-1030,-1190,-1360
Valleyview,AB,-117.28,55.07,5600,5555,-250,-450,-670,-860,-1050,-1220,-1400
Vegreville,AB,-112.05,53.5,5780,5720,-270,-470,-690,-900,-1110,-1280,-1460
Vermilion,AB,-110.85,53.37,5740,5800,-270,-480,-700,-910,-1120,-1300,-1480
Wagner,AB,-114.98,55.35,5850,5900,-270,-480,-700,-900,-1110,-1290,-1470
Wainwright,AB,-110.87,52.82,5700,5660,-260,-460,-680,-880,-1080,-1250,-1420
Wetaskiwin,AB,-113.37,52.97,5500,5425,-250,-440,-650,-840,-1030,-1190,-1350
Whitecourt,AB,-115.68,54.15,5650,5670,-250,-450,-660,-850,-1040,-1210,-1370
Wimborne,AB,-113.58,51.87,5310,5340,-250,-440,-650,-830,-1010,-1170,-1330
Assiniboia,SK,-105.98,49.63,5180,5225,-230,-410,-610,-790,-980,-1120,-1260
Battrum,SK,-108.33,50.55,5080,5095,-220,-390,-590,-760,-940,-1090,-1230
Biggar,SK,-108,52.07,5720,5640,-250,-450,-670,-880,-1090,-1250,-1420
Broadview,SK,-102.58,50.37,5760,5690,-250,-450,-680,-890,-1110,-1280,-1460
Dafoe,SK,-104.53,51.75,5860,5910,-270,-470,-710,-930,-1160,-1350,-1530
Dundurn,SK,-106.5,51.82,5600,5595,-260,-460,-690,-900,-1120,-1290,-1460
Estevan,SK,-102.98,49.13,5340,5335,-240,-420,-640,-830,-1040,-1190,-1340
Hudson Bay,SK,-102.38,52.85,6280,6165,-260,-460,-700,-910,-1140,-1320,-1500
Humboldt,SK,-105.12,52.2,6000,5980,-270,-480,-720,-940,-1170,-1350,-1540
Island Falls,SK,-102.35,55.53,7100,6940,-290,-510,-760,-1000,-1250,-1470,-1680
Kamsack,SK,-101.9,51.57,6040,6135,-270,-470,-710,-930,-1150,-1330,-1510
Kindersley,SK,-109.17,51.47,5550,5420,-230,-410,-610,-790,-980,-1140,-1290
Lloydminster,SK,-110,53.28,5880,5895,-270,-480,-710,-920,-1140,-1320,-1500
Maple Creek,SK,-109.48,49.92,4780,4870,-210,-380,-560,-730,-900,-1030,-1160
Meadow Lake,SK,-108.43,54.13,6280,6130,-260,-470,-700,-910,-1120,-1310,-1490
Melfort,SK,-104.62,52.87,6050,6150,-270,-480,-730,-950,-1180,-1380,-1570
Melville,SK,-102.8,50.92,5880,5855,-270,-470,-710,-930,-1160,-1340,-1520
Moose Jaw,SK,-105.53,50.4,5270,5350,-240,-430,-640,-840,-1040,-1190,-1350
Nipawin,SK,-104,53.37,6300,6195,-270,-470,-710,-930,-1160,-1360,-1550
North Battleford,SK,-108.28,52.78,5900,5915,-270,-470,-700,-920,-1140,-1320,-1500
Prince Albert,SK,-105.77,53.2,6100,6105,-270,-470,-710,-930,-1150,-1340,-1520
Qu'Appelle,SK,-103.88,50.55,5620,5680,-260,-460,-700,-910,-1130,-1310,-1480
Regina,SK,-104.62,50.45,5600,5555,-250,-440,-670,-870,-1090,-1250,-1420
Rosetown,SK,-108,51.55,5620,5495,-240,-430,-640,-830,-1030,-1190,-1340
Saskatoon,SK,-106.63,52.12,5700,5620,-260,-460,-690,-900,-1120,-1300,-1470
Scott,SK,-108.83,52.37,5960,5810,-250,-460,-680,-880,-1090,-1260,-1430
Strasbourg,SK,-104.95,51.07,5600,5630,-260,-460,-700,-920,-1140,-1320,-1490
Swift Current,SK,-107.8,50.28,5150,5155,-230,-400,-600,-770,-960,-1100,-1250
Uranium City,SK,-108.62,59.57,7500,7715,-320,-570,-830,-1100,-1380,-1620,-1860
Weyburn,SK,-103.85,49.67,5400,5375,-240,-440,-660,-850,-1060,-1220,-1380
Yorkton,SK,-102.47,51.22,6000,5980,-260,-470,-710,-930,-1150,-1330,-1520
Beausejour,MB,-96.517,50.067,5680,5650,-270,-470,-700,-920,-1150,-1330,-1510
Boissevain,MB,-100.05,49.233,5500,5510,-260,-460,-690,-890,-1110,-1290,-1460
Brandon,MB,-99.95,49.833,5760,5705,-260,-460,-680,-890,-1120,-1290,-1460
Churchill,MB,-94.12,58.75,8950,8775,-430,-760,-1110,-1480,-1870,-2190,-2520
Dauphin,MB,-100.05,51.15,5900,5900,-250,-450,-670,-880,-1100,-1270,-1440
Flin Flon,MB,-101.88,54.77,6440,6580,-280,-490,-730,-960,-1200,-1400,-1600
Gimli,MB,-96.99,50.64,5800,5830,-270,-480,-720,-940,-1180,-1370,-1560
Island Lake,MB,-94.667,53.867,6900,6915,-300,-520,-780,-1030,-1300,-1520,-1730
Lac du Bonnet,MB,-96.06,50.27,5730,5690,-260,-470,-700,-910,-1140,-1320,-1500
Lynn Lake,MB,-101.05,56.85,7770,7615,-320,-550,-820,-1080,-1360,-1600,-1840
Morden,MB,-98.1,49.183,5400,5415,-260,-450,-680,-890,-1100,-1280,-1450
Neepawa,MB,-99.467,50.233,5760,5750,-260,-460,-690,-910,-1130,-1310,-1490
Pine Falls,MB,-96.217,50.567,5900,5745,-260,-460,-690,-910,-1130,-1310,-1490
Portage la Prairie,MB,-98.29,50,5600,5595,-260,-470,-700,-920,-1140,-1320,-1500
Rivers,MB,-100.233,50.033,5840,5815,-260,-460,-690,-900,-1130,-1310,-1490
Sandilands,MB,-96.3,49.36,5650,5540,-260,-460,-680,-890,-1110,-1280,-1460
Selkirk,MB,-96.867,50.15,5700,5600,-270,-490,-730,-950,-1180,-1370,-1560
Split Lake,MB,-96.1,56.25,7900,7755,-340,-600,-880,-1170,-1470,-1720,-1980
Steinbach,MB,-96.683,49.533,5700,5615,-270,-470,-710,-920,-1150,-1330,-1520
Swan River,MB,-101.27,52.14,6100,6095,-260,-460,-680,-900,-1110,-1300,-1480
The Pas,MB,-101.25,53.87,6480,6360,-270,-480,-710,-940,-1180,-1370,-1570
Thompson,MB,-97.86,55.79,7600,7420,-330,-570,-840,-1110,-1400,-1630,-1870
Virden,MB,-100.93,49.86,5620,5665,-250,-450,-680,-890,-1110,-1280,-1460
Winnipeg,MB,-97.15,49.89,5670,5530,-270,-490,-730,-950,-1180,-1370,-1560
Ailsa Craig,ON,-81.55,43.13,3840,3850,-230,-390,-560,-720,-890,-1030,-1170
Ajax,ON,-79.03,43.85,3820,3915,-240,-410,-580,-750,-930,-1070,-1210
Alexandria,ON,-74.63,45.32,4600,4580,-260,-440,-630,-820,-1020,-1170,-1330
Alliston,ON,-79.87,44.15,4200,4135,-260,-440,-620,-800,-1000,-1150,-1310
Almonte,ON,-76.2,45.23,4620,4555,-250,-430,-610,-790,-980,-1130,-1280
Armstrong,ON,-89.03,50.3,6500,6300,-300,-520,-770,-1020,-1270,-1480,-1690
Arnprior,ON,-76.35,45.43,4680,4670,-260,-440,-630,-820,-1020,-1170,-1330
Atikokan,ON,-91.62,48.75,5750,5740,-260,-470,-690,-900,-1130,-1310,-1490
Attawapiskat,ON,-82.43,52.93,7100,7270,-380,-660,-980,-1290,-1630,-1890,-2150
Aurora,ON,-79.47,44,4210,4150,-250,-430,-610,-780,-970,-1120,-1270
Bancroft,ON,-77.85,45.05,4740,4785,-260,-450,-640,-830,-1030,-1190,-1350
Barrie,ON,-79.67,44.4,4380,4245,-260,-440,-630,-820,-1010,-1160,-1310
Barriefield,ON,-76.47,44.23,3990,4085,-240,-410,-580,-750,-940,-1080,-1220
Beaverton,ON,-79.15,44.43,4300,4295,-260,-440,-630,-810,-1010,-1160,-1310
Belleville,ON,-77.383,44.167,3910,4010,-230,-400,-570,-740,-920,-1070,-1210
Belmont,ON,-81.08,42.88,3840,3830,-230,-390,-560,-710,-890,-1030,-1160
Bowmanville,ON,-78.68,43.91,4000,4000,-230,-390,-560,-730,-900,-1040,-1190
Bracebridge,ON,-79.3,45.03,4800,4745,-260,-440,-640,-830,-1030,-1190,-1350
Bradford,ON,-79.57,44.12,4280,4245,-260,-440,-620,-800,-990,-1140,-1290
Brampton,ON,-79.77,43.68,4100,4055,-250,-420,-600,-770,-960,-1100,-1240
Brantford,ON,-80.27,43.13,3900,3905,-230,-400,-560,-720,-900,-1040,-1180
Brighton,ON,-77.73,44.03,4000,3985,-250,-420,-590,-770,-950,-1100,-1240
Brockville,ON,-75.68,44.59,4060,4195,-240,-400,-570,-740,-920,-1060,-1200
Burk's Falls,ON,-79.4,45.62,5020,4930,-260,-450,-650,-840,-1050,-1210,-1370
Burlington,ON,-79.8,43.32,3740,3800,-230,-400,-560,-720,-900,-1040,-1180
Cambridge,ON,-80.32,43.38,4100,4080,-240,-420,-590,-760,-950,-1100,-1240
Campbellford,ON,-77.8,44.3,4280,4190,-250,-430,-610,-790,-990,-1130,-1280
Cannington,ON,-79.03,44.35,4310,4310,-260,-440,-630,-820,-1010,-1160,-1310
Carleton Place,ON,-76.15,45.13,4600,4495,-250,-430,-610,-790,-980,-1130,-1280
Cavan,ON,-78.47,44.2,4400,4240,-260,-440,-630,-810,-1000,-1150,-1300
Centralia,ON,-81.47,43.28,3800,3910,-230,-390,-560,-730,-910,-1050,-1190
CFB Borden,ON,-79.88,44.27,4300,4280,-260,-440,-630,-810,-1010,-1160,-1310
Chapleau,ON,-83.4,47.83,5900,5805,-290,-510,-740,-970,-1220,-1410,-1600
Chatham,ON,-82.18,42.4,3470,3490,-200,-340,-490,-630,-790,-910,-1040
Chesley,ON,-81.08,44.28,4320,4305,-250,-430,-610,-790,-990,-1140,-1290
Clinton,ON,-81.53,43.62,4150,3945,-240,-410,-580,-750,-940,-1080,-1220
Coboconk,ON,-78.8,44.65,4500,4515,-250,-430,-620,-800,-1000,-1150,-1300
Cobourg,ON,-78.17,43.97,3980,4005,-250,-420,-600,-770,-950,-1100,-1240
Cochrane,ON,-81.02,49.07,6200,6260,-310,-540,-790,-1030,-1290,-1500,-1700
Colborne,ON,-77.88,44,3980,3945,-240,-410,-590,-760,-940,-1080,-1230
Collingwood,ON,-80.22,44.48,4180,4030,-250,-440,-620,-810,-1000,-1160,-1320
Cornwall,ON,-74.73,45.03,4250,4360,-240,-420,-600,-780,-960,-1110,-1260
Corunna,ON,-82.43,42.88,3600,3595,-210,-360,-520,-670,-830,-960,-1090
Deep River,ON,-77.5,46.1,4900,5010,-260,-450,-650,-850,-1060,-1220,-1390
Deseronto,ON,-77.05,44.2,4070,4070,-230,-400,-570,-740,-910,-1050,-1190
Dorchester,ON,-81.07,42.98,3900,3865,-230,-390,-560,-730,-900,-1040,-1180
Dorion,ON,-88.53,48.78,5950,5790,-280,-490,-720,-950,-1180,-1380,-1570
Dresden,ON,-82.18,42.58,3750,3600,-200,-350,-500,-640,-800,-920,-1050
Dryden,ON,-92.75,49.78,5850,5795,-270,-470,-700,-910,-1140,-1320,-1510
Dundalk,ON,-80.394,44.17,4700,4585,-270,-450,-650,-840,-1040,-1200,-1360
Dunnville,ON,-79.62,42.9,3660,3640,-220,-380,-530,-690,-850,-990,-1120
Durham,ON,-80.82,44.17,4340,4420,-260,-440,-630,-810,-1010,-1160,-1310
Dutton,ON,-81.5,42.67,3700,3695,-220,-370,-530,-680,-850,-990,-1120
Earlton,ON,-79.82,47.72,5730,5755,-290,-500,-730,-960,-1200,-1380,-1570
Edison,ON,-93.55,49.8,5740,5705,-260,-460,-680,-880,-1100,-1280,-1460
Elliot Lake ,ON,-82.657,46.381,4950,5015,-270,-460,-670,-880,-1090,-1260,-1420
Elmvale,ON,-79.87,44.58,4200,4340,-250,-420,-610,-790,-980,-1130,-1290
Embro,ON,-80.9,43.15,3950,3970,-240,-410,-580,-750,-930,-1070,-1210
Englehart,ON,-79.87,47.82,5800,5810,-290,-500,-730,-970,-1210,-1390,-1580
Espanola,ON,-81.77,46.25,4920,4920,-270,-470,-680,-890,-1110,-1270,-1440
Exeter,ON,-81.48,43.35,3900,3900,-230,-400,-570,-730,-910,-1050,-1190
Fenelon Falls,ON,-78.75,44.53,4440,4460,-250,-430,-620,-800,-990,-1140,-1290
Fergus,ON,-80.37,43.7,4300,4290,-260,-440,-620,-810,-1000,-1150,-1310
Forest,ON,-82,43.1,3740,3710,-210,-370,-520,-680,-850,-980,-1110
Fort Erie,ON,-78.93,42.9,3650,3680,-210,-360,-510,-650,-820,-950,-1070
Fort Erie (Ridgeway),ON,-79.05,42.88,3600,3655,-210,-360,-510,-660,-820,-950,-1080
Fort Frances,ON,-93.39,48.61,5440,5420,-250,-450,-660,-870,-1080,-1250,-1420
Gananoque,ON,-76.17,44.33,4010,4105,-240,-410,-580,-750,-930,-1070,-1210
Geraldton,ON,-86.95,49.73,6450,6305,-300,-530,-780,-1030,-1290,-1490,-1700
Glencoe,ON,-81.72,42.75,3680,3685,-220,-370,-530,-680,-850,-980,-1110
Goderich,ON,-81.72,43.75,4000,3920,-240,-410,-580,-750,-930,-1070,-1210
Gore Bay,ON,-82.47,45.92,4700,4710,-250,-440,-640,-830,-1030,-1190,-1350
Graham,ON,-90.57,49.25,5940,6010,-280,-500,-730,-960,-1200,-1390,-1580
Gravenhurst (Muskoka Airport),ON,-79.37,44.92,4760,4630,-260,-440,-630,-820,-1010,-1170,-1320
Grimsby,ON,-79.57,43.2,3520,3575,-220,-370,-530,-690,-860,-990,-1130
Guelph,ON,-80.25,43.55,4270,4210,-250,-430,-610,-780,-980,-1120,-1270
Guthrie,ON,-79.55,44.47,4300,4285,-260,-440,-630,-820,-1010,-1160,-1320
Haileybury,ON,-79.63,47.45,5600,5660,-280,-490,-720,-940,-1180,-1370,-1550
Haldimand (Caledonia),ON,-79.93,43.07,3750,3760,-230,-390,-550,-710,-880,-1020,-1160
Haldimand (Hagersville),ON,-80.05,42.97,3760,3800,-230,-390,-550,-710,-890,-1020,-1160
Haliburton,ON,-78.52,45.05,4840,4855,-260,-440,-640,-830,-1030,-1190,-1350
Halton Hills (Georgetown),ON,-79.92,43.65,4200,4170,-250,-420,-600,-780,-970,-1110,-1260
Hamilton,ON,-79.86,43.25,3460,3790,-230,-390,-560,-720,-890,-1040,-1180
Hanover,ON,-81.03,44.15,4300,4310,-250,-430,-620,-800,-1000,-1150,-1300
Hastings,ON,-77.95,44.3,4280,4225,-260,-430,-620,-800,-990,-1140,-1290
Hawkesbury,ON,-74.62,45.6,4610,4765,-260,-440,-630,-830,-1030,-1180,-1340
Hearst,ON,-83.67,49.68,6450,6190,-310,-540,-780,-1030,-1300,-1510,-1710
Honey Harbour,ON,-79.82,44.87,4300,4475,-250,-420,-610,-790,-980,-1130,-1290
Hornepayne,ON,-84.78,49.22,6340,6150,-310,-530,-780,-1030,-1290,-1500,-1700
Huntsville,ON,-79.22,45.33,4850,4915,-260,-450,-640,-840,-1040,-1200,-1360
Ingersoll,ON,-80.88,43.03,3920,3905,-240,-400,-570,-740,-920,-1060,-1200
Iroquois Falls,ON,-80.68,48.77,6100,6160,-310,-540,-780,-1030,-1280,-1490,-1690
Jellicoe,ON,-87.52,49.68,6400,6255,-300,-530,-770,-1020,-1280,-1480,-1690
Kapuskasing,ON,-82.43,49.42,6250,6195,-300,-530,-770,-1020,-1270,-1480,-1680
Kemptville,ON,-75.64,45.02,4540,4445,-250,-430,-620,-800,-990,-1140,-1290
Kenora,ON,-94.43,49.82,5630,5655,-250,-450,-670,-870,-1090,-1260,-1440
Killaloe,ON,-77.42,45.55,4960,4870,-260,-450,-640,-840,-1040,-1200,-1360
Kincardine,ON,-81.63,44.18,3890,3945,-250,-420,-600,-770,-960,-1110,-1250
Kingston,ON,-76.48,44.23,4000,4085,-240,-410,-580,-750,-940,-1080,-1220
Kinmount,ON,-78.65,44.78,4600,4640,-260,-440,-630,-810,-1010,-1160,-1320
Kirkland Lake,ON,-80.03,48.15,6000,5975,-300,-520,-750,-990,-1230,-1430,-1620
Kitchener,ON,-80.48,43.45,4200,4180,-250,-420,-600,-780,-970,-1120,-1270
Kitchenuhmaykoosib,ON,-90,53.83,7450,7330,-330,-580,-860,-1140,-1440,-1680,-1920
Lakefield,ON,-78.27,44.43,4330,4355,-250,-430,-620,-800,-990,-1140,-1300
Lansdowne House,ON,-87.88,52.23,7150,6910,-320,-550,-810,-1070,-1350,-1570,-1790
Leamington,ON,-82.57,42.08,3400,3405,-190,-330,-470,-600,-760,-870,-990
Lindsay,ON,-78.73,44.35,4320,4350,-260,-440,-630,-820,-1010,-1160,-1310
Lion's Head,ON,-81.25,44.98,4300,4310,-250,-420,-610,-790,-980,-1130,-1270
Listowel,ON,-80.95,43.73,4300,4260,-250,-430,-610,-790,-980,-1130,-1280
London,ON,-81.23,42.98,3900,3860,-230,-390,-560,-720,-900,-1040,-1180
Lucan,ON,-81.4,43.18,3900,3890,-230,-390,-560,-720,-900,-1040,-1180
Maitland,ON,-75.62,44.63,4080,4190,-240,-400,-570,-740,-920,-1060,-1200
Markdale,ON,-80.65,44.32,4500,4420,-260,-440,-630,-820,-1010,-1170,-1330
Markham,ON,-79.27,43.87,4000,3970,-250,-420,-590,-760,-950,-1090,-1230
Martin,ON,-91.13,49.25,5900,5945,-280,-490,-720,-940,-1170,-1360,-1550
Matheson,ON,-80.47,48.53,6080,6115,-310,-530,-780,-1020,-1270,-1480,-1680
Mattawa,ON,-78.7,46.32,5050,5185,-270,-460,-670,-880,-1100,-1270,-1430
Midland,ON,-79.88,44.75,4200,4400,-250,-420,-610,-790,-980,-1130,-1280
Milton,ON,-79.88,43.52,3920,4010,-240,-410,-590,-760,-940,-1080,-1230
Milverton,ON,-80.92,43.57,4200,4205,-250,-420,-610,-780,-970,-1120,-1270
Minden,ON,-78.73,44.92,4640,4685,-260,-440,-630,-820,-1020,-1170,-1330
Mississauga,ON,-79.65,43.58,3880,3865,-230,-400,-570,-730,-910,-1050,-1190
Mississauga Port Credit,ON,-79.58,43.55,3780,3825,-230,-390,-560,-720,-890,-1030,-1170
Mitchell,ON,-81.2,43.47,4100,4080,-240,-410,-590,-760,-950,-1090,-1240
Moosonee,ON,-80.72,51.32,6800,6745,-370,-640,-940,-1240,-1560,-1800,-2040
Morrisburg,ON,-75.18,44.9,4370,4370,-240,-410,-590,-760,-950,-1090,-1240
Mount Forest,ON,-80.73,43.98,4700,4480,-260,-440,-640,-820,-1020,-1180,-1330
Nakina,ON,-86.7,50.17,6500,6355,-310,-540,-790,-1040,-1300,-1510,-1720
Nanticoke (Jarvis),ON,-80.1,42.88,3700,3780,-220,-370,-540,-690,-860,-1000,-1130
Nanticoke (Port Dover),ON,-80.2,42.78,3600,3805,-220,-380,-540,-690,-860,-1000,-1130
Napanee,ON,-76.95,44.25,4140,4115,-240,-410,-580,-750,-930,-1070,-1210
New Liskeard,ON,-79.67,47.5,5570,5685,-290,-490,-720,-950,-1180,-1370,-1560
Newcastle,ON,-78.58,43.92,3990,4040,-240,-410,-580,-750,-940,-1080,-1220
Newmarket,ON,-79.47,44.05,4260,4185,-250,-430,-610,-790,-980,-1130,-1270
Niagara Falls,ON,-79.07,43.1,3600,3545,-220,-370,-530,-680,-850,-980,-1110
North Bay,ON,-79.47,46.32,5150,5115,-260,-450,-660,-860,-1070,-1230,-1400
Norwood,ON,-77.98,44.38,4320,4275,-250,-430,-620,-800,-990,-1140,-1290
Oakville,ON,-79.68,43.45,3760,3835,-230,-390,-560,-720,-900,-1040,-1180
Orangeville,ON,-80.1,43.92,4450,4395,-260,-450,-640,-820,-1020,-1180,-1330
Orillia,ON,-79.42,44.62,4260,4330,-250,-430,-620,-800,-1000,-1150,-1300
Oshawa,ON,-78.85,43.9,3860,3910,-230,-390,-560,-730,-900,-1040,-1180
Ottawa (Barrhaven),ON,-75.76,45.28,4500,4530,-250,-430,-620,-810,-1000,-1160,-1310
Ottawa (city hall),ON,-75.69,45.42,4440,4585,-260,-440,-630,-830,-1020,-1180,-1330
Ottawa (Kanata),ON,-75.91,45.31,4520,4575,-250,-430,-620,-800,-1000,-1150,-1300
Ottawa (M-C Int'l Airport),ON,-75.67,45.32,4500,4520,-260,-440,-630,-820,-1010,-1170,-1320
Ottawa (Orleans),ON,-75.52,45.48,4500,4700,-260,-450,-650,-840,-1040,-1200,-1350
Owen Sound,ON,-80.93,44.57,4030,4155,-250,-430,-620,-800,-1000,-1150,-1300
Pagwa River,ON,-85.22,50.02,6500,6245,-310,-540,-790,-1040,-1300,-1510,-1720
Paris,ON,-80.38,43.2,4000,3985,-240,-400,-570,-740,-920,-1060,-1200
Parkhill,ON,-81.68,43.15,3800,3765,-220,-370,-530,-690,-860,-990,-1130
Parry Sound,ON,-80.03,45.35,4640,4635,-250,-430,-620,-810,-1000,-1150,-1300
Pelham (Fonthill),ON,-79.28,43.03,3690,3595,-220,-380,-530,-680,-850,-980,-1110
Pembroke,ON,-77.12,45.82,4980,4900,-260,-440,-630,-830,-1030,-1180,-1340
Penetanguishene,ON,-79.92,44.78,4200,4425,-250,-420,-610,-790,-980,-1130,-1280
Perth,ON,-76.25,44.9,4540,4400,-250,-420,-600,-780,-970,-1120,-1260
Petawawa,ON,-77.33,45.9,4980,4905,-260,-440,-630,-830,-1030,-1190,-1350
Peterborough,ON,-78.32,44.3,4400,4245,-260,-440,-620,-810,-1000,-1150,-1300
Petrolia,ON,-82.15,42.87,3640,3650,-210,-360,-520,-670,-830,-960,-1090
Pickering (Dunbarton),ON,-79.1,43.82,3800,3895,-240,-410,-580,-750,-930,-1070,-1220
Picton,ON,-77.13,44,3980,4010,-230,-390,-560,-730,-910,-1050,-1190
Plattsville,ON,-80.62,43.3,4150,4095,-240,-410,-590,-760,-940,-1090,-1230
Point Alexander,ON,-77.57,46.13,4960,5030,-260,-450,-650,-850,-1060,-1220,-1390
Port Burwell,ON,-80.82,42.65,3800,3730,-220,-380,-540,-690,-860,-1000,-1130
Port Colborne,ON,-79.23,42.9,3600,3600,-220,-370,-520,-670,-840,-970,-1100
Port Elgin,ON,-81.4,44.43,4100,4130,-240,-420,-600,-770,-960,-1110,-1260
Port Hope,ON,-78.3,43.95,3970,4020,-240,-410,-590,-760,-940,-1090,-1230
Port Perry,ON,-78.95,44.1,4260,4140,-260,-440,-620,-800,-990,-1140,-1290
Port Stanley,ON,-81.22,42.67,3850,3735,-230,-380,-550,-710,-880,-1010,-1150
Prescott,ON,-75.52,44.72,4120,4270,-240,-410,-580,-760,-940,-1080,-1230
Princeton,ON,-80.53,43.17,4000,3975,-240,-400,-570,-740,-920,-1060,-1210
Raith,ON,-89.93,48.83,5900,5925,-280,-490,-730,-950,-1190,-1380,-1570
Rayside-Balfour (Chelmsford),ON,-81.2,46.58,5200,5205,-270,-470,-690,-900,-1120,-1290,-1460
Red Lake,ON,-93.82,51.05,6220,6150,-280,-490,-730,-960,-1200,-1390,-1580
Renfrew,ON,-76.68,45.47,4900,4775,-260,-440,-630,-820,-1020,-1180,-1330
Richmond Hill,ON,-79.45,43.87,4000,3990,-250,-420,-600,-770,-960,-1110,-1250
Rockland,ON,-75.29,45.55,4600,4795,-260,-450,-650,-840,-1040,-1200,-1360
Sarnia,ON,-82.38,42.97,3750,3615,-210,-360,-520,-670,-840,-960,-1090
Sault Ste. Marie,ON,-84.33,46.52,4960,4865,-270,-470,-680,-890,-1100,-1270,-1440
Schreiber,ON,-87.25,48.8,5960,5880,-300,-530,-770,-1010,-1270,-1460,-1660
Seaforth,ON,-81.4,43.55,4100,4015,-240,-410,-580,-750,-940,-1080,-1230
Shelburne,ON,-80.204,44.076,4700,4505,-260,-450,-650,-840,-1040,-1200,-1360
Simcoe,ON,-80.3,42.83,3700,3785,-220,-370,-540,-690,-870,-1000,-1140
Sioux Lookout,ON,-91.98,50.07,5950,5915,-270,-480,-710,-930,-1160,-1350,-1540
Smiths Falls,ON,-76.02,44.9,4540,4385,-250,-420,-600,-780,-970,-1120,-1260
Smithville,ON,-79.55,43.1,3650,3610,-220,-380,-540,-690,-860,-990,-1130
Smooth Rock Falls,ON,-81.63,49.28,6250,6215,-310,-530,-770,-1020,-1270,-1480,-1680
South River,ON,-79.38,45.83,5090,5015,-260,-450,-650,-850,-1060,-1230,-1390
Southampton,ON,-81.38,44.48,4100,4125,-240,-420,-600,-770,-960,-1110,-1260
St. Catharines,ON,-79.25,43.17,3540,3565,-220,-370,-530,-680,-850,-980,-1110
St. Mary's,ON,-81.13,43.25,4000,3980,-240,-410,-580,-750,-930,-1070,-1210
St. Thomas,ON,-81.2,42.78,3780,3755,-230,-390,-550,-710,-880,-1020,-1160
Stirling,ON,-77.55,44.3,4220,4140,-250,-420,-600,-780,-970,-1120,-1260
Stratford,ON,-80.95,43.37,4050,4075,-240,-410,-590,-760,-940,-1090,-1240
Strathroy,ON,-81.63,42.95,3780,3770,-220,-380,-540,-700,-870,-1000,-1140
Sturgeon Falls,ON,-79.92,46.37,5200,5120,-260,-450,-650,-860,-1070,-1230,-1400
Sudbury,ON,-81,46.5,5180,5185,-270,-470,-680,-890,-1100,-1270,-1440
Sundridge,ON,-79.4,45.77,5080,5000,-260,-450,-650,-850,-1060,-1220,-1380
Tavistock,ON,-80.83,43.32,4100,4085,-240,-410,-590,-760,-940,-1090,-1230
Temagami,ON,-79.78,47.07,5420,5495,-280,-480,-700,-920,-1150,-1330,-1500
Thamesford,ON,-81,43.07,3950,3920,-240,-400,-580,-740,-920,-1060,-1210
Thedford,ON,-81.85,43.15,3710,3705,-220,-370,-530,-680,-850,-980,-1120
Thunder Bay,ON,-89.32,48.4,5650,5625,-280,-480,-710,-930,-1160,-1340,-1520
Tillsonburg,ON,-80.73,42.85,3840,3850,-230,-390,-560,-710,-890,-1030,-1160
Timmins,ON,-81.33,48.47,5940,5975,-300,-520,-760,-1000,-1250,-1450,-1650
Timmins (Porcupine),ON,-81.17,48.5,6000,6010,-300,-530,-770,-1010,-1260,-1460,-1660
Etobicoke,ON,-79.57,43.7,3800,3885,-240,-410,-590,-750,-940,-1080,-1220
North York,ON,-79.42,43.77,3760,3795,-240,-410,-590,-760,-940,-1080,-1220
Scarborough,ON,-79.25,43.78,3800,3855,-240,-410,-580,-750,-930,-1070,-1210
Toronto (city hall),ON,-79.38,43.65,3520,3715,-230,-390,-560,-720,-900,-1040,-1170
Toronto (LBP Int'l Airport),ON,-79.61,43.68,3890,3885,-240,-410,-590,-750,-940,-1080,-1220
Trenton,ON,-77.58,44.1,4110,4010,-250,-420,-590,-770,-950,-1090,-1240
Trout Creek,ON,-79.37,45.98,5100,5050,-270,-460,-660,-870,-1080,-1240,-1400
Uxbridge,ON,-79.12,44.1,4240,4145,-260,-440,-620,-800,-990,-1140,-1290
Vaughan (Woodbridge),ON,-79.6,43.78,4100,4080,-250,-420,-600,-770,-960,-1100,-1250
Vittoria,ON,-80.32,42.77,3680,3780,-220,-370,-530,-680,-850,-990,-1120
Walkerton,ON,-81.15,44.12,4300,4250,-250,-430,-620,-800,-990,-1140,-1290
Wallaceburg,ON,-82.38,42.6,3600,3560,-200,-350,-490,-640,-800,-920,-1040
Waterloo,ON,-80.52,43.47,4200,4205,-250,-430,-610,-780,-970,-1120,-1270
Watford,ON,-81.88,42.95,3740,3710,-220,-370,-530,-680,-850,-980,-1120
Wawa,ON,-84.78,47.98,5840,5710,-290,-510,-750,-990,-1240,-1410,-1580
Welland,ON,-79.25,42.98,3670,3610,-220,-370,-530,-680,-850,-980,-1110
West Lorne,ON,-81.6,42.6,3700,3645,-210,-360,-510,-660,-830,-960,-1090
Whitby,ON,-78.93,43.87,3820,3855,-240,-400,-570,-740,-910,-1050,-1190
Whitby (Brooklin),ON,-78.95,43.95,4010,4025,-240,-420,-590,-760,-940,-1080,-1230
White River,ON,-85.28,48.6,6150,5985,-310,-530,-780,-1030,-1290,-1490,-1700
Wiarton,ON,-81.15,44.75,4300,4270,-250,-430,-610,-790,-990,-1130,-1280
Windsor,ON,-83.02,42.3,3400,3445,-190,-320,-470,-600,-750,-870,-990
Wingham,ON,-81.32,43.88,4220,4150,-250,-420,-600,-770,-960,-1110,-1260
Woodstock,ON,-80.75,43.13,3910,3970,-240,-410,-580,-750,-930,-1070,-1220
Wyoming,ON,-82.12,42.95,3700,3655,-210,-370,-520,-670,-840,-970,-1100
Acton-Vale,QC,-72.57,45.65,4620,4645,-260,-450,-640,-840,-1030,-1190,-1350
Alma,QC,-71.65,48.55,5800,5940,-290,-510,-750,-980,-1210,-1410,-1600
Amos,QC,-78.12,48.57,6160,6275,-310,-540,-780,-1030,-1280,-1490,-1690
Asbestos,QC,-71.93,45.77,4800,4915,-260,-450,-650,-840,-1040,-1200,-1360
Aylmer,QC,-75.83,45.4,4520,4605,-250,-440,-630,-810,-1010,-1170,-1320
Baie-Comeau,QC,-68.15,49.22,6020,5805,-320,-560,-810,-1060,-1320,-1530,-1740
Baie-Saint-Paul,QC,-70.51,47.44,5280,5340,-290,-510,-740,-960,-1200,-1390,-1580
Beauport,QC,-71.18,46.87,5100,5035,-280,-490,-710,-930,-1150,-1330,-1510
Bedford,QC,-72.98,45.12,4420,4470,-240,-410,-590,-770,-950,-1100,-1240
Beloeil,QC,-73.2,45.57,4500,4515,-260,-450,-650,-840,-1040,-1200,-1350
Brome,QC,-72.57,45.2,4730,4625,-250,-430,-610,-800,-990,-1140,-1300
Brossard,QC,-73.47,45.45,4420,4415,-260,-450,-640,-830,-1030,-1180,-1340
Buckingham,QC,-75.42,45.58,4880,4825,-260,-450,-650,-850,-1050,-1210,-1360
Campbell's Bay,QC,-76.6,45.73,4900,4855,-260,-450,-650,-850,-1050,-1210,-1360
Chambly,QC,-73.28,45.45,4450,4475,-260,-450,-640,-830,-1030,-1180,-1340
Coaticook,QC,-71.8,45.13,4750,4860,-260,-450,-640,-830,-1030,-1180,-1340
Contrecoeur,QC,-73.23,45.85,4500,4595,-270,-470,-670,-880,-1080,-1250,-1410
Cowansville,QC,-72.75,45.2,4540,4560,-250,-430,-610,-790,-980,-1130,-1280
Deux-Montagnes,QC,-73.88,45.53,4440,4520,-270,-460,-660,-860,-1060,-1220,-1370
Dolbeau,QC,-72.23,48.88,6250,6025,-300,-530,-770,-1010,-1250,-1450,-1640
Drummondville,QC,-72.48,45.88,4700,4710,-260,-460,-660,-860,-1060,-1220,-1380
Farnham,QC,-72.98,45.28,4500,4485,-240,-420,-600,-780,-970,-1120,-1270
Fort-Coulonge,QC,-76.73,45.85,4950,4910,-260,-450,-640,-840,-1040,-1200,-1370
Gagnon,QC,-68.17,51.93,7600,7535,-340,-600,-870,-1140,-1420,-1650,-1890
Gaspé,QC,-64.48,48.83,5500,5440,-290,-520,-750,-970,-1200,-1400,-1590
Gatineau,QC,-75.65,45.5,4600,4720,-260,-450,-640,-840,-1030,-1190,-1350
Gracefield,QC,-76.05,46.1,5080,5095,-260,-450,-660,-860,-1070,-1230,-1400
Granby,QC,-72.73,45.4,4500,4545,-250,-430,-610,-800,-990,-1140,-1290
Harrington-Harbour,QC,-59.48,50.5,6150,6010,-360,-640,-910,-1180,-1460,-1700,-1930
Havre-St-Pierre,QC,-63.6,50.23,6100,6200,-330,-590,-840,-1090,-1340,-1550,-1770
Hemmingford,QC,-73.58,45.05,4380,4330,-240,-410,-590,-760,-940,-1090,-1230
Hull,QC,-75.73,45.43,4550,4585,-260,-440,-630,-830,-1020,-1180,-1330
Iberville,QC,-73.23,45.35,4450,4480,-260,-450,-640,-830,-1020,-1180,-1330
Inukjuak,QC,-78.1,58.48,9150,8850,-500,-880,-1290,-1720,-2180,-2550,-2920
Joliette,QC,-73.45,46.02,4720,4725,-270,-470,-670,-880,-1080,-1250,-1410
Kuujjuaq,QC,-68.4,58.1,8550,8355,-430,-760,-1090,-1440,-1810,-2140,-2460
Kuujjuarapik,QC,-77.75,55.28,7990,7855,-470,-810,-1190,-1580,-1980,-2290,-2590
La Pocatière,QC,-70.04,47.37,5160,5365,-280,-490,-700,-920,-1140,-1320,-1500
Lachute,QC,-74.33,45.65,4640,4705,-260,-450,-650,-850,-1050,-1220,-1380
Lac-Mégantic,QC,-70.88,45.58,5180,5210,-270,-470,-680,-880,-1090,-1270,-1440
La-Malbaie,QC,-70.15,47.65,5400,5465,-290,-510,-730,-950,-1180,-1370,-1560
La-Tuque,QC,-72.78,47.43,5500,5580,-280,-490,-710,-930,-1150,-1340,-1520
Lennoxville,QC,-71.85,45.37,4700,4875,-250,-440,-630,-820,-1020,-1180,-1330
Léry,QC,-73.8,45.35,4420,4400,-260,-440,-630,-820,-1020,-1170,-1320
Loretteville,QC,-71.35,46.85,5200,5055,-280,-490,-710,-920,-1150,-1320,-1500
Louiseville,QC,-72.95,46.25,4900,4950,-270,-480,-690,-910,-1120,-1290,-1470
Magog,QC,-72.13,45.27,4730,4775,-250,-430,-620,-800,-990,-1150,-1310
Malartic,QC,-78.13,48.13,6200,6070,-300,-520,-760,-1000,-1250,-1450,-1640
Maniwaki,QC,-75.97,46.38,5280,5225,-270,-470,-680,-890,-1110,-1280,-1460
Masson,QC,-75.417,45.533,4610,4780,-260,-450,-650,-840,-1040,-1200,-1360
Matane,QC,-67.53,48.85,5510,5575,-310,-540,-780,-1010,-1260,-1460,-1660
Mont-Joli,QC,-68.18,48.58,5370,5520,-310,-540,-780,-1020,-1260,-1460,-1660
Mont-Laurier,QC,-75.5,46.55,5320,5400,-280,-480,-700,-910,-1130,-1310,-1490
Montmagny,QC,-70.55,46.98,5090,5160,-270,-480,-690,-900,-1120,-1300,-1480
Beaconsfield,QC,-73.87,45.43,4440,4430,-260,-450,-650,-850,-1050,-1200,-1360
Dorval,QC,-73.75,45.45,4400,4390,-260,-450,-650,-840,-1040,-1200,-1350
Laval,QC,-73.75,45.58,4500,4485,-260,-460,-650,-850,-1050,-1210,-1370
Montréal (city hall),QC,-73.554,45.509,4200,4385,-260,-450,-650,-840,-1030,-1190,-1350
Montréal-Est,QC,-73.52,45.63,4470,4510,-260,-450,-650,-840,-1040,-1200,-1350
Montréal-Nord,QC,-73.63,45.6,4470,4470,-260,-450,-650,-850,-1040,-1200,-1360
Outremont,QC,-73.62,45.52,4300,4400,-260,-450,-650,-840,-1040,-1200,-1350
Pierrefonds,QC,-73.87,45.48,4430,4435,-260,-460,-650,-850,-1050,-1210,-1370
St-Lambert,QC,-73.5,45.5,4400,4420,-260,-450,-640,-840,-1030,-1180,-1340
St-Laurent,QC,-73.67,45.5,4270,4350,-260,-450,-650,-840,-1040,-1190,-1350
Ste-Anne-de-Bellevue,QC,-73.93,45.42,4460,4475,-260,-450,-650,-840,-1040,-1190,-1350
Verdun,QC,-73.57,45.45,4200,4390,-260,-450,-640,-830,-1030,-1180,-1330
Nicolet (Gentilly),QC,-72.28,46.4,4900,5035,-270,-470,-690,-900,-1110,-1280,-1450
Nitchequon,QC,-70.91,53.21,8100,7770,-360,-630,-910,-1200,-1500,-1750,-1990
Noranda,QC,-79.02,48.25,6050,6070,-300,-520,-750,-990,-1240,-1430,-1630
Percé,QC,-64.22,48.53,5400,5605,-290,-510,-720,-930,-1140,-1320,-1510
Pincourt,QC,-73.98,45.38,4480,4455,-260,-450,-640,-830,-1030,-1180,-1340
Plessisville,QC,-71.78,46.22,5100,5050,-260,-460,-670,-870,-1080,-1240,-1410
Port-Cartier,QC,-66.87,50.02,6060,6115,-330,-570,-830,-1080,-1340,-1550,-1770
Puvinrituq,QC,-77.283,60.033,9200,9170,-510,-900,-1300,-1750,-2220,-2620,-3010
Ancienne-Lorette,QC,-71.38,46.78,5130,5035,-270,-480,-690,-910,-1130,-1300,-1480
Lévis,QC,-71.18,46.8,5050,5035,-280,-490,-700,-920,-1140,-1320,-1510
Québec,QC,-71.23,46.8,5080,5035,-280,-480,-700,-920,-1140,-1320,-1500
Sillery,QC,-71.25,46.77,5070,5045,-270,-480,-690,-910,-1130,-1310,-1490
Ste-Foy,QC,-71.28,46.78,5100,5040,-270,-480,-700,-910,-1130,-1310,-1490
Richmond,QC,-72.15,45.67,4700,4800,-250,-440,-640,-830,-1030,-1180,-1340
Rimouski,QC,-68.55,48.43,5300,5415,-310,-540,-780,-1020,-1260,-1460,-1660
Rivière-du-Loup,QC,-69.53,47.83,5380,5470,-290,-510,-730,-960,-1190,-1380,-1560
Roberval,QC,-72.23,48.52,5750,5780,-290,-500,-730,-960,-1190,-1370,-1560
Rock-Island,QC,-72.1,45.04,4850,4825,-250,-430,-610,-790,-980,-1140,-1290
Rosemère,QC,-73.8,45.63,4550,4570,-270,-460,-660,-860,-1060,-1220,-1380
Rouyn,QC,-79.02,48.23,6050,6070,-300,-520,-750,-990,-1240,-1430,-1630
Saguenay,QC,-71.07,48.43,5700,5805,-290,-510,-730,-960,-1190,-1380,-1570
Saguenay (Bagotville),QC,-70.88,48.35,5700,5860,-290,-500,-730,-950,-1180,-1370,-1550
Saguenay (Jonquière),QC,-71.22,48.42,5650,5740,-290,-510,-730,-960,-1190,-1380,-1560
Saguenay (Kénogami),QC,-71.25,48.42,5650,5740,-290,-510,-730,-960,-1190,-1380,-1560
Saint-Eustache,QC,-73.9,45.56,4500,4520,-270,-460,-660,-860,-1060,-1220,-1370
Saint-Jean-sur-Richelieu,QC,-73.26,45.31,4450,4480,-260,-450,-640,-830,-1020,-1170,-1330
Salaberry-de-Valleyfield,QC,-74.13,45.25,4400,4420,-250,-430,-620,-800,-990,-1140,-1290
Schefferville,QC,-66.83,54.8,8550,8265,-380,-660,-950,-1260,-1570,-1840,-2110
Senneterre,QC,-77.23,48.38,6180,6210,-310,-540,-780,-1030,-1290,-1490,-1690
Sept-Îles,QC,-66.38,50.2,6200,6250,-320,-560,-800,-1050,-1300,-1510,-1720
Shawinigan,QC,-72.75,46.55,5050,5155,-270,-470,-680,-900,-1110,-1290,-1460
Shawville,QC,-76.48,45.6,4880,4840,-260,-450,-650,-850,-1050,-1210,-1360
Sherbrooke,QC,-71.9,45.42,4700,4875,-250,-440,-630,-820,-1020,-1170,-1330
Sorel,QC,-73.12,46.03,4550,4650,-270,-480,-690,-890,-1100,-1260,-1430
Ste-Agathe-des-Monts,QC,-74.28,46.05,5390,5275,-280,-480,-690,-900,-1120,-1300,-1470
St-Félicien,QC,-72.45,48.65,5850,5905,-290,-510,-740,-970,-1200,-1390,-1570
St-Georges-de-Cacouna,QC,-69.5,47.92,5400,5465,-290,-510,-730,-960,-1190,-1370,-1560
St-Hubert,QC,-73.42,45.5,4490,4450,-260,-450,-640,-840,-1030,-1180,-1340
St-Hubert-de-Rivière-du-Loup,QC,-69.15,47.817,5520,5580,-290,-510,-730,-960,-1190,-1380,-1560
St-Hyacinthe,QC,-72.95,45.62,4500,4550,-260,-450,-640,-830,-1030,-1180,-1340
St-Jérôme,QC,-74,45.78,4820,4860,-270,-470,-680,-880,-1090,-1250,-1410
St-Jovite,QC,-74.6,46.12,5250,5315,-270,-460,-670,-880,-1090,-1270,-1440
St-Lazare-Hudson,QC,-74.14,45.4,4520,4565,-260,-450,-640,-840,-1030,-1190,-1340
St-Nicolas,QC,-71.4,46.7,4990,5060,-270,-480,-690,-900,-1120,-1300,-1470
Sutton,QC,-72.62,45.1,4600,4570,-250,-430,-610,-800,-980,-1130,-1270
Tadoussac,QC,-69.72,48.15,5450,5545,-290,-510,-750,-970,-1210,-1400,-1590
Témiscaming,QC,-79.1,46.72,5020,5270,-270,-470,-680,-890,-1110,-1290,-1470
Terrebonne,QC,-73.63,45.69,4500,4575,-260,-450,-650,-850,-1050,-1210,-1360
Thetford Mines,QC,-71.3,46.08,5120,5135,-270,-470,-670,-880,-1080,-1250,-1420
Thurso,QC,-75.25,45.6,4820,4835,-260,-450,-650,-850,-1050,-1210,-1360
Trois-Rivières,QC,-72.55,46.35,4900,4985,-270,-470,-680,-890,-1110,-1270,-1440
Val-d'Or,QC,-77.78,48.1,6180,6100,-310,-530,-770,-1020,-1270,-1470,-1670
Varennes,QC,-73.43,45.68,4500,4535,-260,-460,-660,-850,-1050,-1210,-1370
Verchères,QC,-73.35,45.78,4450,4535,-270,-470,-670,-870,-1070,-1230,-1390
Victoriaville,QC,-71.97,46.05,4900,4970,-260,-460,-660,-860,-1070,-1240,-1400
Ville-Marie,QC,-79.43,47.33,5550,5610,-280,-490,-710,-930,-1160,-1340,-1520
Wakefield,QC,-75.93,45.64,4820,4815,-260,-450,-650,-840,-1040,-1200,-1360
Waterloo,QC,-72.52,45.35,4650,4630,-250,-430,-620,-800,-990,-1150,-1300
Windsor,QC,-72,45.57,4700,4830,-250,-440,-640,-830,-1020,-1180,-1340
Alma,NB,-64.95,45.6,4500,4480,-270,-460,-660,-850,-1040,-1210,-1370
Bathurst,NB,-65.65,47.62,5020,5060,-280,-490,-700,-910,-1130,-1310,-1480
Boiestown,NB,-66.419,46.455,4900,4965,-270,-470,-670,-880,-1080,-1260,-1430
Campbellton,NB,-66.67,48,5500,5660,-290,-500,-730,-950,-1180,-1370,-1560
Edmundston,NB,-68.33,47.37,5320,5555,-280,-500,-720,-940,-1160,-1340,-1530
Fredericton,NB,-66.65,45.95,4670,4720,-260,-450,-650,-840,-1030,-1200,-1360
Gagetown,NB,-66.16,45.79,4460,4585,-260,-450,-640,-830,-1030,-1190,-1350
Grand Falls,NB,-67.73,47.05,5300,5360,-280,-490,-700,-910,-1130,-1310,-1490
Miramichi,NB,-65.47,47.03,4950,4955,-270,-470,-670,-880,-1080,-1260,-1430
Moncton,NB,-64.78,46.1,4680,4640,-260,-450,-650,-840,-1040,-1200,-1360
Oromocto,NB,-66.48,45.84,4650,4675,-260,-450,-640,-830,-1030,-1190,-1350
Sackville,NB,-64.37,45.88,4590,4560,-260,-460,-650,-840,-1030,-1200,-1360
Saint Andrews ,NB,-67.05,45.07,4680,4435,-250,-430,-610,-790,-970,-1120,-1270
Saint George ,NB,-66.82,45.13,4680,4485,-250,-440,-620,-810,-1000,-1150,-1300
Saint John,NB,-66.05,45.267,4570,4465,-260,-440,-620,-810,-1000,-1150,-1310
Shippagan,NB,-64.7,47.73,4930,5005,-270,-480,-670,-860,-1060,-1230,-1400
St. Stephen,NB,-67.28,45.2,4700,4480,-240,-420,-600,-780,-970,-1120,-1280
Woodstock,NB,-67.6,46.16,4910,4875,-260,-460,-660,-860,-1060,-1230,-1400
Amherst,NS,-64.2,45.83,4500,4515,-270,-460,-650,-840,-1040,-1200,-1360
Antigonish,NS,-62,45.62,4510,4470,-260,-450,-630,-820,-1010,-1170,-1330
Bridgewater,NS,-64.52,44.38,4140,4120,-250,-430,-610,-790,-980,-1130,-1290
Canso,NS,-61,45.33,4400,4290,-280,-470,-650,-830,-1020,-1190,-1350
Dartmouth,NS,-63.57,44.67,4100,4175,-250,-430,-610,-790,-970,-1130,-1280
Debert,NS,-63.47,45.43,4500,4450,-260,-450,-650,-830,-1030,-1190,-1360
Digby,NS,-65.77,44.62,4020,4120,-260,-440,-620,-810,-1000,-1150,-1310
Greenwood (CFB),NS,-64.9,44.98,4140,4110,-250,-420,-600,-780,-960,-1110,-1260
Halifax,NS,-63.6,44.65,4000,4140,-250,-430,-610,-790,-970,-1130,-1280
Kentville,NS,-64.5,45.08,4130,4185,-250,-430,-610,-780,-970,-1120,-1270
Liverpool,NS,-64.72,44.03,3990,4000,-270,-460,-650,-840,-1030,-1200,-1360
Lockeport,NS,-65.12,43.7,4000,3905,-270,-470,-660,-860,-1060,-1220,-1390
Louisburg,NS,-59.98,45.92,4530,4420,-270,-470,-660,-850,-1050,-1220,-1390
Lunenburg,NS,-64.32,44.38,4140,4105,-260,-440,-620,-790,-970,-1130,-1280
New Glasgow,NS,-62.65,45.58,4320,4490,-260,-440,-630,-810,-1000,-1160,-1320
North Sydney,NS,-60.25,46.22,4500,4350,-270,-460,-650,-840,-1040,-1200,-1370
Pictou,NS,-62.72,45.68,4310,4470,-260,-450,-630,-810,-1000,-1160,-1320
Port Hawkesbury,NS,-61.35,45.62,4500,4495,-260,-450,-630,-810,-1000,-1160,-1330
Springhill,NS,-64.05,45.65,4540,4445,-260,-450,-640,-830,-1020,-1190,-1350
Stewiacke,NS,-63.35,45.13,4400,4440,-260,-440,-630,-810,-990,-1150,-1310
Sydney,NS,-60.18,46.15,4530,4410,-270,-460,-650,-830,-1030,-1190,-1360
Tatamagouche,NS,-63.3,45.72,4380,4450,-260,-440,-630,-810,-1000,-1160,-1320
Truro,NS,-63.27,45.37,4500,4470,-260,-450,-640,-820,-1010,-1170,-1340
Wolfville,NS,-64.37,45.08,4140,4225,-250,-430,-610,-790,-970,-1120,-1280
Yarmouth,NS,-66.12,43.83,3990,3960,-270,-460,-650,-840,-1030,-1200,-1360
Charlottetown,PE,-63.133,46.233,4460,4530,-260,-450,-630,-820,-1000,-1160,-1320
Souris,PE,-62.25,46.35,4550,4535,-260,-450,-630,-820,-1010,-1170,-1330
Summerside,PE,-63.783,46.4,4600,4710,-260,-460,-650,-840,-1030,-1190,-1350
Tignish,PE,-64.03,46.95,4770,4685,-260,-450,-650,-830,-1030,-1190,-1350
Argentia,NL,-53.98,47.3,4600,4490,-290,-510,-720,-930,-1150,-1350,-1540
Bonavista,NL,-53.12,48.65,5000,4870,-270,-480,-690,-890,-1110,-1300,-1480
Buchans,NL,-56.867,48.817,5250,5300,-310,-550,-780,-1010,-1240,-1440,-1640
Cape Harrison,NL,-57.95,54.78,6900,6880,-430,-760,-1080,-1390,-1680,-1930,-2180
Cape Race,NL,-53.07,46.65,4900,4705,-300,-530,-750,-960,-1190,-1390,-1590
Channel-Port aux Basques,NL,-59.15,47.57,5000,4860,-320,-550,-780,-1000,-1230,-1430,-1630
Corner Brook,NL,-57.95,48.95,4760,4750,-300,-530,-760,-980,-1200,-1410,-1610
Gander,NL,-54.59,48.98,5110,5015,-300,-520,-740,-950,-1170,-1360,-1550
Grand Bank,NL,-55.77,47.1,4550,4770,-310,-540,-770,-990,-1210,-1410,-1600
Grand Falls,NL,-55.67,48.93,5020,5090,-300,-520,-740,-960,-1180,-1370,-1560
Happy Valley-Goose Bay,NL,-60.37,53.32,6670,6795,-360,-630,-900,-1180,-1460,-1700,-1950
Labrador City,NL,-66.92,52.95,7710,7690,-350,-620,-900,-1180,-1470,-1720,-1960
St. Anthony,NL,-55.58,51.37,6440,5915,-330,-580,-820,-1060,-1320,-1540,-1770
St. John's,NL,-52.72,47.57,4800,4730,-270,-470,-670,-880,-1100,-1290,-1480
Stephenville,NL,-58.58,48.55,4850,4785,-300,-530,-750,-960,-1180,-1370,-1550
Twin Falls,NL,-64.53,53.5,7790,7690,-360,-630,-900,-1190,-1480,-1730,-1970
Wabana,NL,-52.95,47.63,4750,4745,-270,-470,-670,-880,-1100,-1290,-1480
Wabush,NL,-66.87,52.92,7710,7690,-350,-620,-900,-1180,-1470,-1710,-1960
Aishihik,YT,-137.517,61.6,7500,7500,-310,-590,-850,-1120,-1380,-1640,-1910
Dawson,YT,-139.42,64.07,8120,8010,-310,-600,-880,-1160,-1410,-1670,-1940
Destruction Bay,YT,-138.8,61.25,7800,7725,-300,-590,-850,-1120,-1370,-1640,-1900
Faro,YT,-133.357,62.227,7300,7655,-290,-550,-810,-1060,-1340,-1560,-1780
Haines Junction,YT,-137.54,60.78,7100,7090,-300,-590,-850,-1120,-1360,-1620,-1880
Snag,YT,-140.37,62.4,8300,7710,-300,-590,-850,-1110,-1350,-1610,-1870
Teslin,YT,-132.72,60.17,6770,6765,-300,-570,-830,-1080,-1320,-1570,-1820
Watson Lake,YT,-128.71,60.13,7470,7355,-300,-570,-820,-1060,-1300,-1540,-1780
Whitehorse,YT,-135.05,60.72,6580,6655,-310,-590,-860,-1130,-1380,-1650,-1910
Aklavik,NT,-135.01,68.23,9600,9345,-440,-790,-1130,-1470,-1800,-2110,-2430
Echo Bay / Port Radium,NT,-117.88,66.05,9300,9290,-400,-710,-1030,-1360,-1700,-2000,-2310
Fort Good Hope,NT,-128.63,66.29,8700,8635,-370,-680,-970,-1280,-1570,-1850,-2140
Fort McPherson ,NT,-134.88,67.43,9150,9150,-400,-740,-1060,-1380,-1690,-2000,-2300
Fort Providence,NT,-117.65,61.35,7620,7420,-330,-590,-850,-1110,-1370,-1620,-1860
Fort Resolution,NT,-113.67,61.19,7750,7510,-330,-590,-860,-1130,-1410,-1660,-1910
Fort Simpson,NT,-121.35,61.93,7660,7585,-320,-580,-830,-1090,-1340,-1580,-1820
Fort Smith,NT,-111.88,60,7300,7270,-320,-570,-820,-1080,-1350,-1580,-1820
Hay River,NT,-115.733,60.85,7550,7340,-330,-590,-850,-1120,-1390,-1640,-1880
Inuvik,NT,-133.72,68.35,9600,9530,-440,-800,-1140,-1490,-1830,-2150,-2480
Mould Bay,NT,-119.33,76.23,12900,12390,-590,-1040,-1510,-1980,-2480,-2920,-3370
Norman Wells,NT,-126.85,65.283,8510,8470,-360,-660,-950,-1240,-1520,-1790,-2060
Rae-Edzo,NT,-116.05,62.83,8300,8170,-350,-620,-900,-1190,-1480,-1750,-2010
Tungsten,NT,-128.27,61.95,7700,9015,-320,-600,-880,-1150,-1420,-1700,-1980
Ulukhaqtuuq / Holman,NT,-117.75,70.73,10700,10860,-510,-900,-1290,-1700,-2100,-2460,-2830
Wrigley,NT,-123.47,63.23,8050,8105,-330,-600,-860,-1120,-1380,-1630,-1870
Yellowknife,NT,-114.35,62.48,8170,8070,-350,-630,-910,-1200,-1490,-1760,-2030
Alert,NU,-62.25,82.48,13030,12390,-410,-730,-1050,-1390,-1720,-2040,-2360
Arctic Bay,NU,-85.17,73.03,11900,12180,-520,-900,-1300,-1710,-2140,-2540,-2940
Arviat,NU,-94.05,61.12,9850,9760,-460,-810,-1180,-1560,-1970,-2320,-2680
Baker Lake,NU,-96.02,64.32,10700,10665,-490,-850,-1230,-1630,-2040,-2420,-2790
Eureka,NU,-85.95,79.983,13500,12390,-410,-730,-1050,-1390,-1720,-2040,-2360
Igluligaarjuk / Chesterfield Inlet,NU,-90.7,63.33,10500,10465,-500,-870,-1260,-1670,-2110,-2500,-2880
Iqaluit,NU,-68.5,63.73,9980,10295,-470,-840,-1210,-1620,-2050,-2440,-2830
Iqaluktuuttiaq / Cambridge Bay,NU,-105.03,69.12,11670,11485,-570,-990,-1420,-1860,-2320,-2750,-3180
Isachsen,NU,-103.53,78.78,13600,12390,-610,-1040,-1480,-1940,-2430,-2880,-3330
Kangiqiniq / Rankin Inlet,NU,-92.08,62.82,10500,10320,-490,-860,-1250,-1650,-2080,-2450,-2830
Kanngiqtugaapik / Clyde River,NU,-68.57,70.45,11300,11290,-430,-760,-1110,-1470,-1850,-2210,-2560
Kugluktuk,NU,-115.08,67.83,10300,10295,-480,-840,-1220,-1610,-1990,-2340,-2690
Nottingham Island,NU,-78,63.1,10000,9815,-530,-950,-1400,-1900,-2450,-2920,-3380
Resolute,NU,-94.9,74.68,12360,12390,-600,-1030,-1470,-1920,-2400,-2850,-3290
Resolution Island,NU,-64.883,61.3,9000,9175,-460,-800,-1130,-1470,-1830,-2160,-2490
Salliq / Coral Harbour,NU,-83.17,64.13,10720,10590,-520,-910,-1310,-1740,-2200,-2600,-3010
