Location,prov,Longitude,Latitude,SL50 (NBCC),SL50 (kPa),CF_0.5C ,CF_1.0C ,CF_1.5C ,CF_2.0C ,CF_2.5C ,CF_3.0C ,CF_3.5C 
100 Mile House,BC,-121.283,51.65,2.6,2.4,1,0.982,0.95,0.907,0.852,0.787,0.712
Abbotsford,BC,-122.329,49.052,2,1.9,0.731,0.561,0.444,0.345,0.269,0.206,0.164
Agassiz,BC,-121.77,49.23,2.4,2.6,0.832,0.696,0.581,0.466,0.377,0.285,0.211
Alberni,BC,-124.8,49.27,2.6,1.8,0.711,0.552,0.452,0.366,0.298,0.246,0.2
Ashcroft,BC,-121.28,50.72,1.7,1.2,0.993,0.98,0.959,0.926,0.878,0.811,0.74
Bamfield,BC,-125.13,48.83,1,1.4,0.714,0.556,0.468,0.384,0.322,0.268,0.223
Beatton River,BC,-121.4,57.38,3.3,2.7,1.003,1.009,1.009,1.007,0.988,0.971,0.932
Bella Bella,BC,-128.14,52.16,2.6,1.9,0.68,0.501,0.373,0.273,0.201,0.15,0.117
Bella Coola,BC,-126.75,52.37,4.5,8.2,0.913,0.823,0.742,0.641,0.543,0.44,0.327
Burns Lake,BC,-125.75,54.23,3.4,2.7,0.982,0.949,0.93,0.887,0.828,0.762,0.669
Cache Creek,BC,-121.32,50.8,1.7,1.1,1.001,0.995,0.978,0.954,0.914,0.854,0.79
Campbell River,BC,-125.24,50.02,2.8,2.2,0.717,0.556,0.428,0.328,0.248,0.191,0.15
Carmi,BC,-119.12,49.5,3.6,1.5,0.977,0.934,0.895,0.846,0.803,0.731,0.662
Castlegar,BC,-117.67,49.32,4.2,3.1,0.942,0.879,0.826,0.762,0.699,0.618,0.537
Chetwynd,BC,-121.63,55.7,2.4,2.3,1.013,1.009,0.975,0.958,0.935,0.912,0.885
Chilliwack,BC,-121.95,49.167,2.2,2.4,0.795,0.644,0.527,0.417,0.333,0.253,0.19
Comox,BC,-124.93,49.68,2.4,1.9,0.697,0.538,0.431,0.337,0.264,0.212,0.167
Courtenay,BC,-124.98,49.68,2.4,2,0.697,0.538,0.431,0.337,0.264,0.212,0.167
Cranbrook,BC,-115.77,49.5,3,2.3,0.955,0.913,0.88,0.837,0.781,0.715,0.655
Crescent Valley,BC,-117.55,49.45,4.2,3.7,0.948,0.886,0.837,0.777,0.715,0.637,0.556
Crofton,BC,-123.65,48.87,1.8,1.7,0.793,0.675,0.589,0.508,0.446,0.381,0.34
Dawson Creek,BC,-120.23,55.77,2.5,3.1,0.998,0.994,0.95,0.927,0.884,0.853,0.826
Dease Lake ,BC,-130,58.44,2.8,3.5,1.009,1.009,1.01,1.012,0.997,0.974,0.934
Dog Creek,BC,-122.3,51.58,1.8,1.3,1.025,1.017,0.996,0.982,0.957,0.923,0.867
Duncan,BC,-123.7,48.78,1.8,2.4,0.769,0.632,0.559,0.479,0.412,0.352,0.312
Elko,BC,-115.12,49.3,3.6,2.1,0.951,0.908,0.866,0.819,0.757,0.69,0.629
Fernie,BC,-115.07,49.5,4.5,2,0.957,0.924,0.892,0.852,0.794,0.732,0.675
Fort Nelson,BC,-122.7,58.83,2.4,2.7,1.005,1.025,1.026,1.026,1.008,0.999,0.975
Fort St. John,BC,-120.85,56.25,2.8,3.4,0.992,0.983,0.952,0.926,0.881,0.848,0.818
Glacier,BC,-117.52,51.27,9.4,10.1,0.985,0.949,0.933,0.901,0.863,0.806,0.739
Gold River ,BC,-126.05,49.78,2.8,0.9,0.671,0.498,0.376,0.279,0.208,0.161,0.127
Golden,BC,-116.97,51.3,3.7,4.8,0.989,0.963,0.948,0.921,0.888,0.84,0.78
Grand Forks,BC,-118.45,49.03,2.8,2,0.936,0.874,0.811,0.742,0.677,0.593,0.516
Greenwood,BC,-118.68,49.1,3.6,1.8,0.948,0.893,0.834,0.771,0.711,0.629,0.553
Hope,BC,-121.44,49.38,2.8,3.7,0.872,0.759,0.658,0.553,0.464,0.367,0.281
Jordan River ,BC,-124.05,48.42,1.2,2.5,0.755,0.603,0.525,0.445,0.381,0.323,0.285
Kamloops,BC,-120.32,50.67,1.8,1.6,0.989,0.969,0.936,0.89,0.831,0.747,0.668
Kaslo,BC,-116.92,49.92,2.8,4.7,0.964,0.915,0.886,0.843,0.792,0.729,0.66
Kelowna,BC,-119.48,49.88,1.7,1.4,0.982,0.95,0.905,0.852,0.803,0.724,0.646
Kimberley,BC,-115.98,49.68,3,2.8,0.961,0.919,0.891,0.853,0.802,0.741,0.681
Kitimat Plant,BC,-128.63,54.05,5.5,6.8,0.872,0.76,0.658,0.531,0.424,0.322,0.226
Kitimat Townsite,BC,-128.65,54.07,6.5,7,0.873,0.762,0.66,0.535,0.428,0.326,0.23
Ladysmith,BC,-123.82,48.99,2.4,2.7,0.744,0.589,0.504,0.423,0.355,0.296,0.255
Langford,BC,-123.5,48.45,1.8,1.5,0.839,0.748,0.693,0.607,0.542,0.476,0.436
Lillooet,BC,-121.93,50.68,2.1,1.5,0.994,0.975,0.961,0.935,0.899,0.842,0.778
Lytton,BC,-121.57,50.23,2.8,2.2,0.951,0.896,0.848,0.778,0.707,0.615,0.523
Mackenzie,BC,-123.08,55.3,5.1,4.5,0.975,0.943,0.925,0.889,0.838,0.774,0.697
Masset,BC,-132.1,54.02,1.8,1.5,0.731,0.585,0.488,0.411,0.329,0.288,0.253
McBride,BC,-120.17,53.3,4.3,8.7,0.998,0.975,0.962,0.937,0.907,0.858,0.8
McLeod Lake,BC,-123.03,54.98,4.1,4.8,0.969,0.93,0.903,0.855,0.796,0.727,0.644
Merritt,BC,-120.783,50.1,1.8,1.6,0.955,0.907,0.855,0.79,0.722,0.629,0.541
Mission City,BC,-122.3,49.13,2.4,2,0.726,0.551,0.432,0.332,0.256,0.193,0.15
Montrose,BC,-117.58,49.08,4.1,2.9,0.926,0.854,0.789,0.719,0.649,0.563,0.482
Nakusp,BC,-117.8,50.23,4.4,4.4,0.964,0.916,0.882,0.832,0.778,0.707,0.63
Nanaimo,BC,-123.93,49.17,2.1,1.8,0.734,0.577,0.48,0.394,0.326,0.269,0.225
Nelson,BC,-117.28,49.48,4.2,3.9,0.951,0.892,0.847,0.79,0.731,0.656,0.579
Ocean Falls,BC,-127.7,52.35,3.9,3.8,0.739,0.572,0.433,0.319,0.234,0.165,0.119
Osoyoos,BC,-119.5,49.03,1.1,1.5,0.969,0.926,0.894,0.85,0.797,0.716,0.646
Parksville,BC,-124.33,49.32,2,1.8,0.726,0.566,0.459,0.369,0.3,0.244,0.198
Penticton,BC,-119.58,49.5,1.3,1,0.988,0.958,0.932,0.894,0.852,0.779,0.71
Port Alberni,BC,-124.8,49.233,2.6,1.7,0.708,0.549,0.451,0.366,0.298,0.246,0.2
Port Alice ,BC,-127.45,50.38,1.1,0.6,0.684,0.496,0.401,0.314,0.261,0.209,0.179
Port Hardy,BC,-127.42,50.7,0.9,1.3,0.701,0.511,0.4,0.307,0.246,0.189,0.156
Port McNeill,BC,-127.1,50.58,1.1,1.3,0.694,0.511,0.399,0.302,0.24,0.188,0.158
Port Renfrew ,BC,-124.4,48.56,1.1,2,0.755,0.607,0.524,0.439,0.377,0.315,0.275
Powell River,BC,-124.52,49.83,1.7,1.9,0.746,0.585,0.463,0.358,0.277,0.212,0.158
Prince George,BC,-122.75,53.92,3.4,2.9,0.974,0.936,0.897,0.843,0.778,0.706,0.619
Prince Rupert,BC,-130.32,54.32,1.9,1.9,0.702,0.525,0.394,0.283,0.212,0.152,0.126
Princeton,BC,-120.51,49.5,2.9,2.8,0.946,0.885,0.824,0.754,0.685,0.596,0.512
Qualicum Beach,BC,-124.45,49.35,2,1.8,0.723,0.563,0.456,0.366,0.297,0.241,0.196
Queen Charlotte City,BC,-132.08,53.26,1.8,1.6,0.704,0.537,0.428,0.344,0.277,0.24,0.211
Quesnel,BC,-122.48,52.98,3,3.5,0.988,0.961,0.926,0.873,0.811,0.747,0.665
Revelstoke,BC,-118.2,50.98,7.2,8.1,0.965,0.916,0.888,0.841,0.791,0.721,0.645
Salmon Arm,BC,-119.28,50.7,3.5,2.8,0.964,0.927,0.879,0.818,0.75,0.655,0.566
Sandspit,BC,-131.82,53.25,1.8,1.7,0.704,0.537,0.428,0.344,0.277,0.24,0.211
Sechelt,BC,-123.75,49.47,1.8,1,0.737,0.57,0.444,0.346,0.272,0.21,0.162
Sidney,BC,-123.4,48.65,1.1,1.4,0.825,0.725,0.65,0.561,0.491,0.41,0.366
Smith River,BC,-126.43,59.88,2.8,4,1.004,1.014,1.016,1.015,0.997,0.985,0.952
Smithers,BC,-127.167,54.783,3.5,2.9,0.971,0.941,0.924,0.879,0.817,0.74,0.64
Sooke,BC,-123.72,48.38,1.3,1.9,0.812,0.692,0.628,0.542,0.482,0.419,0.384
Squamish,BC,-123.15,49.7,2.8,3.7,0.802,0.66,0.547,0.448,0.371,0.294,0.227
Stewart,BC,-129.98,55.93,7.9,10,0.956,0.915,0.879,0.801,0.71,0.602,0.476
Tahsis,BC,-126.65,49.93,1.1,1.8,0.669,0.492,0.38,0.286,0.223,0.176,0.146
Taylor,BC,-120.69,56.2,2.3,3.4,0.991,0.981,0.947,0.921,0.876,0.842,0.813
Terrace,BC,-128.6,54.52,5.4,6.3,0.933,0.866,0.802,0.697,0.586,0.47,0.343
Tofino,BC,-125.88,49.12,1.1,1,0.665,0.505,0.408,0.327,0.269,0.221,0.187
Trail,BC,-117.7,49.1,4.1,2.8,0.928,0.858,0.795,0.725,0.656,0.571,0.49
Ucluelet,BC,-125.55,48.93,1,1.1,0.698,0.542,0.448,0.36,0.305,0.251,0.214
Burnaby (Simon Fraser Univ.),BC,-122.92,49.28,2.9,2.1,0.763,0.62,0.505,0.415,0.349,0.287,0.244
Cloverdale,BC,-122.733,49.1,2.5,1.3,0.777,0.65,0.548,0.462,0.399,0.336,0.296
Haney,BC,-122.6,49.22,2.4,2.3,0.739,0.581,0.465,0.373,0.301,0.24,0.199
Ladner,BC,-123.08,49.08,1.3,0.7,0.795,0.684,0.588,0.51,0.454,0.394,0.355
Langley,BC,-122.65,49.1,2.4,1.5,0.774,0.643,0.54,0.451,0.384,0.317,0.276
New Westminster,BC,-122.92,49.22,2.3,2.4,0.777,0.648,0.539,0.454,0.392,0.33,0.289
North Vancouver,BC,-123.07,49.32,3,1.9,0.768,0.627,0.509,0.417,0.351,0.288,0.244
Richmond,BC,-123.1,49.17,1.5,1.2,0.787,0.664,0.56,0.477,0.417,0.356,0.315
Surrey (88 Ave & 156 St.),BC,-122.79,49.163,2.4,1.5,0.771,0.641,0.536,0.451,0.389,0.329,0.289
Vancouver (city hall),BC,-123.12,49.25,1.8,1.6,0.775,0.64,0.527,0.439,0.375,0.313,0.27
Vancouver (Granville & 41 Ave),BC,-123.14,49.234,1.9,1.4,0.778,0.647,0.539,0.453,0.391,0.33,0.288
West Vancouver,BC,-123.17,49.33,2.4,1.8,0.763,0.616,0.495,0.402,0.333,0.27,0.225
Vernon,BC,-119.27,50.3,2.2,1.8,0.972,0.945,0.893,0.831,0.77,0.677,0.591
Victoria,BC,-123.37,48.43,1.1,1.4,0.842,0.754,0.697,0.611,0.546,0.477,0.437
Victoria Gonzales Height,BC,-123.32,48.42,1.5,1.3,0.846,0.759,0.702,0.615,0.55,0.479,0.438
Victoria Mt Tolmie,BC,-123.33,48.47,2.1,1.2,0.843,0.755,0.688,0.599,0.531,0.451,0.409
Whistler ,BC,-122.96,50.12,9.5,6.6,0.935,0.857,0.805,0.725,0.651,0.554,0.449
White Rock ,BC,-122.8,49.02,2,1.1,0.797,0.683,0.586,0.5,0.436,0.365,0.324
Williams Lake,BC,-122.15,52.133,2.4,2.7,1.002,0.99,0.954,0.908,0.846,0.78,0.701
Youbou,BC,-124.2,48.88,3.5,2.4,0.743,0.589,0.505,0.425,0.357,0.299,0.258
Athabasca,AB,-113.28,54.72,1.5,2,0.996,1.009,0.994,0.974,0.945,0.93,0.903
Banff,AB,-115.57,51.17,3.3,3.1,0.975,0.95,0.957,0.956,0.941,0.907,0.875
Barrhead,AB,-114.4,54.13,1.7,2,0.992,0.992,0.973,0.96,0.946,0.935,0.935
Beaverlodge,AB,-119.43,55.22,2.4,2.9,1,0.989,0.946,0.917,0.878,0.842,0.822
Brooks,AB,-111.88,50.58,1.2,1.1,1.006,1.007,0.985,0.963,0.908,0.87,0.865
Calgary,AB,-114.08,51.05,1.1,1.1,0.989,0.984,0.981,0.977,0.952,0.912,0.894
Campsie,AB,-114.65,54.13,1.7,2.1,0.994,0.995,0.976,0.961,0.948,0.937,0.938
Camrose,AB,-112.83,53.02,2,1.8,0.988,0.986,0.989,0.972,0.961,0.925,0.921
Canmore,AB,-115.35,51.09,3.2,2.6,0.973,0.954,0.964,0.971,0.96,0.927,0.901
Cardston,AB,-113.3,49.2,1.5,1.2,0.998,0.99,0.959,0.942,0.88,0.845,0.842
Claresholm,AB,-113.58,50.03,1.3,1.1,1.004,0.994,0.967,0.95,0.892,0.863,0.857
Cold Lake,AB,-110.17,54.45,1.7,1.7,0.981,0.987,0.978,0.964,0.937,0.912,0.885
Coleman,AB,-114.5,49.63,2.7,1.7,0.972,0.959,0.936,0.911,0.857,0.811,0.773
Coronation,AB,-111.45,52.08,1.9,1.6,0.996,1.005,1.001,0.98,0.956,0.907,0.895
Cowley,AB,-114.08,49.57,1.6,1.4,0.984,0.98,0.955,0.937,0.877,0.838,0.815
Drumheller,AB,-112.7,51.47,1.2,1.3,1.008,1.007,1,0.99,0.962,0.924,0.909
Edmonton,AB,-113.47,53.55,1.7,1.8,0.981,0.975,0.968,0.959,0.948,0.927,0.925
Edson,AB,-116.43,53.58,2.1,2.8,0.991,0.99,0.972,0.963,0.945,0.929,0.916
Embarras Portage,AB,-111.47,58.45,2.2,2.2,1.012,1.022,1.016,1.01,0.988,0.953,0.898
Fairview,AB,-118.38,56.07,2.4,2.5,0.983,0.966,0.926,0.895,0.851,0.816,0.778
Fort MacLeod,AB,-113.42,49.72,1.2,0.9,1.003,0.993,0.965,0.945,0.886,0.858,0.855
Fort McMurray,AB,-111.38,56.73,1.5,1.9,0.995,1.001,0.984,0.969,0.932,0.904,0.856
Fort Saskatchewan,AB,-113.22,53.72,1.6,1.9,0.986,0.98,0.968,0.959,0.947,0.925,0.919
Fort Vermilion,AB,-116,58.4,2.1,2.4,0.995,1.002,0.993,0.988,0.965,0.925,0.868
Grande Prairie,AB,-118.8,55.17,2.2,2.7,0.997,0.99,0.939,0.903,0.859,0.826,0.802
Habay,AB,-118.73,58.83,2.4,2.5,1.003,1.011,1.008,1.022,1.019,0.997,0.955
Hardisty,AB,-111.3,52.67,1.7,1.5,0.992,0.99,0.988,0.967,0.953,0.902,0.899
High River,AB,-113.87,50.58,1.3,1.2,1,0.994,0.977,0.968,0.924,0.888,0.879
Hinton,AB,-117.58,53.4,2.6,2.3,0.994,0.993,0.987,0.988,0.982,0.974,0.963
Jasper,AB,-118.08,52.88,3,3.3,0.999,0.99,0.985,0.974,0.955,0.924,0.884
Keg River,AB,-117.62,57.75,2.4,2.3,0.995,1.006,0.988,0.986,0.954,0.932,0.893
Lac la Biche,AB,-111.97,54.77,1.6,2,0.993,1.004,0.99,0.97,0.941,0.925,0.898
Lacombe,AB,-113.73,52.47,1.9,1.9,0.998,1.004,1.012,1.001,0.985,0.955,0.943
Lethbridge,AB,-112.82,49.7,1.2,0.9,1.006,0.993,0.961,0.949,0.887,0.861,0.86
Manning,AB,-117.62,56.92,2.3,2.2,0.998,1.004,0.985,0.987,0.97,0.969,0.94
Medicine Hat,AB,-110.67,50.05,1.1,1.3,1.005,1.01,0.965,0.932,0.865,0.823,0.812
Peace River,AB,-117.28,56.23,2.2,2.1,0.989,0.976,0.935,0.91,0.87,0.842,0.799
Pincher Creek,AB,-113.95,49.48,1.5,1.3,0.984,0.978,0.95,0.93,0.867,0.827,0.804
Ranfurly,AB,-111.68,53.42,1.9,1.7,0.99,0.98,0.975,0.955,0.953,0.911,0.908
Red Deer,AB,-113.8,52.27,1.8,1.9,1,1.004,1.014,1.004,0.989,0.958,0.949
Rocky Mountain House,AB,-114.92,52.37,1.9,2.4,0.978,0.988,0.993,0.986,0.964,0.933,0.926
Slave Lake,AB,-114.77,55.28,1.9,2.8,1.006,1.018,1.001,0.983,0.972,0.961,0.937
Stettler,AB,-112.72,52.32,1.9,1.6,0.997,0.993,1.001,0.985,0.971,0.928,0.918
Stony Plain,AB,-114,53.53,1.7,1.5,0.976,0.967,0.958,0.947,0.938,0.919,0.92
Suffield,AB,-111.17,50.2,1.3,1.1,1,1.006,0.97,0.942,0.884,0.838,0.837
Taber,AB,-112.15,49.78,1.2,1,1,1.001,0.971,0.954,0.895,0.859,0.864
Turner Valley,AB,-114.28,50.67,1.4,1.7,0.993,0.988,0.976,0.972,0.935,0.894,0.875
Valleyview,AB,-117.28,55.07,2.3,3,0.983,0.971,0.911,0.876,0.823,0.797,0.76
Vegreville,AB,-112.05,53.5,1.9,1.7,0.993,0.984,0.977,0.957,0.953,0.916,0.912
Vermilion,AB,-110.85,53.37,1.7,1.8,0.978,0.965,0.968,0.947,0.939,0.896,0.891
Wagner,AB,-114.98,55.35,1.9,2.8,1.004,1.012,0.991,0.972,0.962,0.95,0.925
Wainwright,AB,-110.87,52.82,2,1.4,0.995,0.992,0.978,0.948,0.935,0.889,0.886
Wetaskiwin,AB,-113.37,52.97,2,1.8,0.986,0.987,0.99,0.976,0.96,0.931,0.924
Whitecourt,AB,-115.68,54.15,1.9,2.9,0.991,0.994,0.968,0.95,0.929,0.921,0.916
Wimborne,AB,-113.58,51.87,1.6,1.5,1.001,1,1.005,0.998,0.985,0.952,0.945
Assiniboia,SK,-105.98,49.63,1.6,1.2,1.018,0.985,0.922,0.901,0.855,0.839,0.804
Battrum,SK,-108.33,50.55,1.2,1.2,1.009,1.009,0.965,0.924,0.868,0.822,0.791
Biggar,SK,-108,52.07,2.1,1.3,0.993,0.972,0.945,0.909,0.884,0.836,0.808
Broadview,SK,-102.58,50.37,1.7,1.9,0.995,0.954,0.947,0.922,0.889,0.844,0.813
Dafoe,SK,-104.53,51.75,1.7,1.7,0.994,0.969,0.932,0.896,0.864,0.823,0.796
Dundurn,SK,-106.5,51.82,1.5,1.4,0.986,0.964,0.932,0.9,0.867,0.814,0.78
Estevan,SK,-102.98,49.13,1.6,1.7,1.018,0.962,0.93,0.893,0.876,0.846,0.809
Hudson Bay,SK,-102.38,52.85,2,2.2,0.987,0.996,0.979,0.967,0.931,0.913,0.885
Humboldt,SK,-105.12,52.2,2.1,1.7,0.99,0.97,0.934,0.906,0.876,0.836,0.806
Island Falls,SK,-102.35,55.53,2.1,2.3,0.993,0.995,0.966,0.95,0.917,0.887,0.859
Kamsack,SK,-101.9,51.57,2.1,2,0.977,0.966,0.96,0.933,0.891,0.851,0.821
Kindersley,SK,-109.17,51.47,1.4,1.2,0.997,1,0.984,0.95,0.91,0.857,0.837
Lloydminster,SK,-110,53.28,2,1.4,0.974,0.96,0.953,0.926,0.907,0.87,0.858
Maple Creek,SK,-109.48,49.92,1.2,1.3,1.001,1.014,0.973,0.941,0.874,0.838,0.815
Meadow Lake,SK,-108.43,54.13,1.7,1.6,0.976,0.978,0.953,0.928,0.912,0.888,0.86
Melfort,SK,-104.62,52.87,2.1,1.8,0.989,0.99,0.96,0.938,0.905,0.879,0.849
Melville,SK,-102.8,50.92,1.7,1.9,0.983,0.946,0.933,0.9,0.866,0.821,0.796
Moose Jaw,SK,-105.53,50.4,1.4,1.3,1,0.981,0.935,0.899,0.845,0.821,0.798
Nipawin,SK,-104,53.37,2,1.9,0.995,1.007,0.98,0.958,0.918,0.9,0.872
North Battleford,SK,-108.28,52.78,1.7,1.5,0.976,0.966,0.942,0.909,0.882,0.842,0.825
Prince Albert,SK,-105.77,53.2,1.9,1.6,0.98,0.984,0.963,0.944,0.918,0.893,0.869
Qu'Appelle,SK,-103.88,50.55,1.7,1.7,0.984,0.949,0.92,0.878,0.83,0.793,0.765
Regina,SK,-104.62,50.45,1.4,1.5,0.994,0.959,0.917,0.873,0.819,0.792,0.765
Rosetown,SK,-108,51.55,1.7,1.2,0.995,0.985,0.957,0.923,0.89,0.839,0.814
Saskatoon,SK,-106.63,52.12,1.7,1.3,0.982,0.958,0.929,0.9,0.877,0.823,0.79
Scott,SK,-108.83,52.37,1.9,1.4,0.987,0.971,0.944,0.903,0.879,0.835,0.818
Strasbourg,SK,-104.95,51.07,1.5,1.5,0.993,0.97,0.924,0.879,0.837,0.799,0.773
Swift Current,SK,-107.8,50.28,1.4,1.1,1.004,0.993,0.94,0.904,0.857,0.824,0.793
Uranium City,SK,-108.62,59.57,2,2.6,1.021,1.028,1.025,1.015,1.003,0.973,0.933
Weyburn,SK,-103.85,49.67,1.8,1.5,1.011,0.962,0.927,0.903,0.86,0.838,0.798
Yorkton,SK,-102.47,51.22,1.9,1.9,0.978,0.949,0.939,0.909,0.872,0.828,0.802
Beausejour,MB,-96.517,50.067,2,2.4,0.957,0.932,0.901,0.858,0.809,0.765,0.712
Boissevain,MB,-100.05,49.233,2.2,2.2,0.987,0.975,0.949,0.908,0.865,0.829,0.782
Brandon,MB,-99.95,49.833,2.1,2,0.995,0.968,0.956,0.916,0.887,0.845,0.798
Churchill,MB,-94.12,58.75,3,2.7,1.017,1.02,1.014,0.998,0.99,0.967,0.947
Dauphin,MB,-100.05,51.15,1.9,2.3,0.981,0.962,0.967,0.938,0.906,0.866,0.832
Flin Flon,MB,-101.88,54.77,2.2,2.2,1,1.001,0.971,0.958,0.92,0.891,0.861
Gimli,MB,-96.99,50.64,1.9,2.3,0.964,0.94,0.913,0.864,0.817,0.784,0.735
Island Lake,MB,-94.667,53.867,2.6,3.1,0.994,0.977,0.956,0.941,0.921,0.904,0.864
Lac du Bonnet,MB,-96.06,50.27,1.9,2.6,0.96,0.931,0.9,0.867,0.828,0.789,0.736
Lynn Lake,MB,-101.05,56.85,2.4,2.6,0.995,1.001,0.987,0.969,0.946,0.916,0.878
Morden,MB,-98.1,49.183,2.2,2.2,0.969,0.962,0.932,0.871,0.819,0.779,0.742
Neepawa,MB,-99.467,50.233,2.2,2.2,0.988,0.963,0.953,0.917,0.882,0.843,0.796
Pine Falls,MB,-96.217,50.567,1.9,2.6,0.966,0.936,0.908,0.873,0.835,0.798,0.748
Portage la Prairie,MB,-98.29,50,2.1,2.1,0.972,0.957,0.928,0.868,0.811,0.781,0.741
Rivers,MB,-100.233,50.033,2.1,2.1,0.989,0.966,0.964,0.932,0.907,0.861,0.819
Sandilands,MB,-96.3,49.36,2.2,2.5,0.956,0.932,0.898,0.854,0.808,0.754,0.703
Selkirk,MB,-96.867,50.15,1.9,2.3,0.956,0.936,0.904,0.854,0.801,0.759,0.707
Split Lake,MB,-96.1,56.25,2.5,2.8,0.989,0.987,0.982,0.976,0.954,0.926,0.882
Steinbach,MB,-96.683,49.533,2,2.4,0.95,0.93,0.897,0.846,0.797,0.746,0.696
Swan River,MB,-101.27,52.14,2,2.3,0.977,0.975,0.971,0.953,0.91,0.879,0.85
The Pas,MB,-101.25,53.87,2.2,2.2,0.995,1.005,0.986,0.969,0.921,0.894,0.857
Thompson,MB,-97.86,55.79,2.4,2.6,0.985,0.984,0.97,0.962,0.94,0.912,0.875
Virden,MB,-100.93,49.86,2,1.9,0.993,0.964,0.963,0.929,0.901,0.852,0.812
Winnipeg,MB,-97.15,49.89,1.9,2.3,0.952,0.937,0.906,0.849,0.797,0.754,0.705
Ailsa Craig,ON,-81.55,43.13,2.2,1.6,0.912,0.804,0.726,0.681,0.636,0.586,0.522
Ajax,ON,-79.03,43.85,1,1.5,0.898,0.806,0.725,0.679,0.633,0.601,0.539
Alexandria,ON,-74.63,45.32,2.4,2.4,0.915,0.839,0.769,0.72,0.641,0.596,0.521
Alliston,ON,-79.87,44.15,2,2,0.914,0.807,0.715,0.656,0.606,0.572,0.52
Almonte,ON,-76.2,45.23,2.5,2.3,0.924,0.834,0.745,0.696,0.619,0.579,0.505
Armstrong,ON,-89.03,50.3,2.7,3.6,0.968,0.932,0.907,0.866,0.829,0.78,0.718
Arnprior,ON,-76.35,45.43,2.5,2.4,0.926,0.841,0.752,0.7,0.619,0.581,0.506
Atikokan,ON,-91.62,48.75,2.4,3.2,0.974,0.934,0.891,0.841,0.801,0.749,0.677
Attawapiskat,ON,-82.43,52.93,2.8,3,0.975,0.941,0.919,0.888,0.839,0.781,0.71
Aurora,ON,-79.47,44,2,1.9,0.909,0.81,0.724,0.674,0.628,0.597,0.54
Bancroft,ON,-77.85,45.05,3.1,3,0.938,0.849,0.758,0.68,0.594,0.537,0.476
Barrie,ON,-79.67,44.4,2.5,2.3,0.917,0.804,0.708,0.649,0.594,0.565,0.515
Barriefield,ON,-76.47,44.23,2.1,2.1,0.861,0.769,0.684,0.628,0.568,0.54,0.485
Beaverton,ON,-79.15,44.43,2.2,2.3,0.911,0.795,0.695,0.629,0.57,0.536,0.482
Belleville,ON,-77.383,44.167,1.7,1.9,0.887,0.784,0.693,0.64,0.583,0.544,0.477
Belmont,ON,-81.08,42.88,1.7,1.4,0.922,0.824,0.733,0.694,0.642,0.602,0.533
Bowmanville,ON,-78.68,43.91,1.4,1.6,0.89,0.792,0.706,0.657,0.605,0.573,0.513
Bracebridge,ON,-79.3,45.03,3.1,3.2,0.925,0.818,0.706,0.617,0.531,0.477,0.424
Bradford,ON,-79.57,44.12,2.1,2,0.912,0.807,0.717,0.664,0.615,0.586,0.532
Brampton,ON,-79.77,43.68,1.3,1.7,0.904,0.807,0.726,0.676,0.63,0.59,0.529
Brantford,ON,-80.27,43.13,1.3,1.5,0.909,0.806,0.73,0.682,0.63,0.588,0.532
Brighton,ON,-77.73,44.03,1.6,1.6,0.878,0.779,0.687,0.638,0.587,0.549,0.483
Brockville,ON,-75.68,44.59,2.2,2.2,0.891,0.819,0.745,0.691,0.612,0.571,0.516
Burk's Falls,ON,-79.4,45.62,2.7,3.4,0.935,0.844,0.742,0.645,0.551,0.479,0.428
Burlington,ON,-79.8,43.32,1.1,1.5,0.907,0.813,0.733,0.68,0.623,0.585,0.526
Cambridge,ON,-80.32,43.38,1.6,1.7,0.909,0.813,0.732,0.679,0.628,0.583,0.526
Campbellford,ON,-77.8,44.3,1.7,2,0.892,0.784,0.687,0.634,0.578,0.537,0.472
Cannington,ON,-79.03,44.35,2.2,2.2,0.902,0.785,0.686,0.623,0.568,0.534,0.479
Carleton Place,ON,-76.15,45.13,2.5,2.3,0.923,0.831,0.743,0.695,0.621,0.579,0.506
Cavan,ON,-78.47,44.2,2,2,0.884,0.776,0.681,0.63,0.579,0.546,0.488
Centralia,ON,-81.47,43.28,2.3,1.8,0.904,0.794,0.716,0.668,0.626,0.576,0.515
CFB Borden,ON,-79.88,44.27,2.2,2.2,0.915,0.805,0.711,0.651,0.598,0.566,0.515
Chapleau,ON,-83.4,47.83,3.6,3.6,0.965,0.914,0.856,0.801,0.732,0.657,0.601
Chatham,ON,-82.18,42.4,1,1.1,0.948,0.879,0.792,0.732,0.65,0.595,0.517
Chesley,ON,-81.08,44.28,2.8,2.7,0.905,0.799,0.699,0.62,0.553,0.501,0.448
Clinton,ON,-81.53,43.62,2.6,1.9,0.894,0.784,0.704,0.648,0.607,0.56,0.5
Coboconk,ON,-78.8,44.65,2.5,2.6,0.918,0.804,0.698,0.619,0.546,0.501,0.444
Cobourg,ON,-78.17,43.97,1.2,1.7,0.878,0.775,0.685,0.634,0.581,0.547,0.485
Cochrane,ON,-81.02,49.07,2.8,3.8,0.976,0.93,0.9,0.845,0.794,0.717,0.663
Colborne,ON,-77.88,44,1.6,1.6,0.873,0.775,0.682,0.635,0.586,0.549,0.483
Collingwood,ON,-80.22,44.48,2.7,2.7,0.918,0.812,0.714,0.643,0.577,0.535,0.483
Cornwall,ON,-74.73,45.03,2.2,2.5,0.908,0.837,0.768,0.716,0.63,0.582,0.515
Corunna,ON,-82.43,42.88,1,1.4,0.917,0.824,0.76,0.696,0.63,0.56,0.497
Deep River,ON,-77.5,46.1,2.5,3,0.954,0.881,0.799,0.723,0.628,0.549,0.482
Deseronto,ON,-77.05,44.2,1.9,2,0.887,0.788,0.702,0.645,0.581,0.545,0.481
Dorchester,ON,-81.07,42.98,1.9,1.5,0.921,0.82,0.732,0.695,0.649,0.606,0.536
Dorion,ON,-88.53,48.78,2.8,3.6,0.957,0.911,0.865,0.806,0.743,0.683,0.612
Dresden,ON,-82.18,42.58,1,1.2,0.942,0.865,0.784,0.724,0.649,0.591,0.517
Dryden,ON,-92.75,49.78,2.4,3.2,0.974,0.941,0.911,0.866,0.837,0.787,0.728
Dundalk,ON,-80.394,44.17,3.2,2.5,0.913,0.809,0.714,0.645,0.587,0.542,0.491
Dunnville,ON,-79.62,42.9,2,1.3,0.913,0.819,0.737,0.678,0.605,0.577,0.522
Durham,ON,-80.82,44.17,2.8,2.6,0.907,0.804,0.708,0.632,0.571,0.521,0.47
Dutton,ON,-81.5,42.67,1.3,1.3,0.934,0.849,0.758,0.711,0.646,0.601,0.528
Earlton,ON,-79.82,47.72,3.1,3.8,0.964,0.906,0.852,0.775,0.712,0.617,0.56
Edison,ON,-93.55,49.8,2.4,3.1,0.978,0.944,0.911,0.87,0.844,0.797,0.744
Elliot Lake ,ON,-82.657,46.381,2.9,3.6,0.924,0.84,0.754,0.663,0.581,0.491,0.42
Elmvale,ON,-79.87,44.58,2.6,2.4,0.916,0.804,0.701,0.626,0.555,0.511,0.458
Embro,ON,-80.9,43.15,2,1.7,0.911,0.803,0.72,0.678,0.636,0.59,0.526
Englehart,ON,-79.87,47.82,2.8,3.8,0.967,0.91,0.859,0.785,0.724,0.63,0.574
Espanola,ON,-81.77,46.25,2.3,3.7,0.938,0.864,0.783,0.691,0.609,0.517,0.45
Exeter,ON,-81.48,43.35,2.4,1.8,0.902,0.792,0.713,0.664,0.623,0.574,0.513
Fenelon Falls,ON,-78.75,44.53,2.3,2.5,0.91,0.798,0.694,0.621,0.552,0.51,0.453
Fergus,ON,-80.37,43.7,2.2,2.1,0.909,0.813,0.725,0.668,0.62,0.573,0.515
Forest,ON,-82,43.1,2,1.5,0.915,0.812,0.74,0.687,0.633,0.576,0.513
Fort Erie,ON,-78.93,42.9,2.3,1.2,0.929,0.86,0.788,0.729,0.654,0.644,0.586
Fort Erie (Ridgeway),ON,-79.05,42.88,2.3,1.3,0.924,0.846,0.771,0.711,0.635,0.62,0.563
Fort Frances,ON,-93.39,48.61,2.3,3,0.968,0.929,0.894,0.847,0.821,0.769,0.701
Gananoque,ON,-76.17,44.33,2.1,2.1,0.873,0.791,0.709,0.653,0.583,0.551,0.497
Geraldton,ON,-86.95,49.73,2.9,3.7,0.954,0.916,0.884,0.835,0.78,0.734,0.675
Glencoe,ON,-81.72,42.75,1.5,1.3,0.933,0.843,0.759,0.714,0.654,0.604,0.532
Goderich,ON,-81.72,43.75,2.4,1.9,0.892,0.783,0.703,0.644,0.601,0.555,0.495
Gore Bay,ON,-82.47,45.92,2.6,3.2,0.897,0.79,0.685,0.579,0.501,0.422,0.359
Graham,ON,-90.57,49.25,2.6,3.5,0.972,0.939,0.904,0.858,0.816,0.767,0.698
Gravenhurst (Muskoka Airport),ON,-79.37,44.92,2.7,3.1,0.92,0.807,0.696,0.609,0.526,0.474,0.42
Grimsby,ON,-79.57,43.2,0.9,1.4,0.911,0.818,0.737,0.681,0.615,0.584,0.525
Guelph,ON,-80.25,43.55,1.9,1.8,0.907,0.812,0.728,0.676,0.629,0.582,0.521
Guthrie,ON,-79.55,44.47,2.5,2.3,0.917,0.803,0.704,0.641,0.582,0.551,0.499
Haileybury,ON,-79.63,47.45,2.4,3.5,0.961,0.904,0.842,0.763,0.695,0.599,0.542
Haldimand (Caledonia),ON,-79.93,43.07,1.2,1.4,0.909,0.812,0.737,0.684,0.622,0.586,0.534
Haldimand (Hagersville),ON,-80.05,42.97,1.3,1.4,0.906,0.805,0.731,0.677,0.617,0.578,0.526
Haliburton,ON,-78.52,45.05,2.9,2.9,0.935,0.84,0.74,0.652,0.569,0.515,0.46
Halton Hills (Georgetown),ON,-79.92,43.65,1.4,1.7,0.904,0.806,0.724,0.672,0.626,0.583,0.523
Hamilton,ON,-79.86,43.25,1.1,1.5,0.907,0.811,0.734,0.681,0.624,0.586,0.529
Hanover,ON,-81.03,44.15,2.6,2.6,0.905,0.802,0.708,0.631,0.569,0.518,0.466
Hastings,ON,-77.95,44.3,2,2.1,0.894,0.785,0.688,0.634,0.577,0.537,0.474
Hawkesbury,ON,-74.62,45.6,2.3,2.8,0.922,0.844,0.762,0.702,0.619,0.57,0.495
Hearst,ON,-83.67,49.68,2.8,3.7,0.961,0.926,0.898,0.858,0.799,0.74,0.669
Honey Harbour,ON,-79.82,44.87,2.7,3.1,0.914,0.8,0.689,0.604,0.522,0.471,0.417
Hornepayne,ON,-84.78,49.22,3.3,3.8,0.963,0.925,0.887,0.845,0.781,0.72,0.652
Huntsville,ON,-79.22,45.33,2.9,3.3,0.935,0.839,0.734,0.639,0.549,0.487,0.436
Ingersoll,ON,-80.88,43.03,1.7,1.5,0.917,0.814,0.727,0.687,0.64,0.597,0.531
Iroquois Falls,ON,-80.68,48.77,2.9,3.8,0.979,0.93,0.898,0.842,0.793,0.712,0.66
Jellicoe,ON,-87.52,49.68,2.7,3.8,0.959,0.921,0.885,0.835,0.778,0.731,0.673
Kapuskasing,ON,-82.43,49.42,3,3.7,0.969,0.935,0.908,0.859,0.806,0.739,0.678
Kemptville,ON,-75.64,45.02,2.3,2.2,0.904,0.822,0.748,0.701,0.633,0.593,0.527
Kenora,ON,-94.43,49.82,2.5,2.9,0.972,0.936,0.902,0.866,0.842,0.807,0.757
Killaloe,ON,-77.42,45.55,2.7,2.6,0.946,0.868,0.78,0.71,0.62,0.565,0.503
Kincardine,ON,-81.63,44.18,2.6,2.1,0.896,0.794,0.702,0.625,0.562,0.508,0.451
Kingston,ON,-76.48,44.23,2.1,2,0.861,0.769,0.684,0.628,0.568,0.54,0.485
Kinmount,ON,-78.65,44.78,2.7,2.8,0.926,0.818,0.715,0.634,0.556,0.507,0.45
Kirkland Lake,ON,-80.03,48.15,2.9,3.8,0.975,0.922,0.882,0.816,0.763,0.673,0.62
Kitchener,ON,-80.48,43.45,2,1.9,0.911,0.814,0.729,0.677,0.63,0.584,0.523
Kitchenuhmaykoosib,ON,-90,53.83,3.2,3.2,1,0.992,0.985,0.958,0.926,0.883,0.829
Lakefield,ON,-78.27,44.43,2.2,2.3,0.904,0.793,0.692,0.63,0.567,0.528,0.468
Lansdowne House,ON,-87.88,52.23,3,3.5,0.979,0.954,0.938,0.916,0.882,0.844,0.785
Leamington,ON,-82.57,42.08,0.8,1.1,0.938,0.874,0.784,0.717,0.626,0.57,0.495
Lindsay,ON,-78.73,44.35,2.3,2.2,0.899,0.786,0.687,0.624,0.566,0.53,0.473
Lion's Head,ON,-81.25,44.98,2.7,3.1,0.91,0.802,0.695,0.609,0.531,0.47,0.416
Listowel,ON,-80.95,43.73,2.6,2.2,0.905,0.807,0.72,0.661,0.61,0.56,0.499
London,ON,-81.23,42.98,1.9,1.5,0.918,0.816,0.73,0.691,0.646,0.602,0.533
Lucan,ON,-81.4,43.18,2.3,1.7,0.907,0.798,0.721,0.674,0.631,0.58,0.518
Maitland,ON,-75.62,44.63,2.2,2.2,0.892,0.82,0.746,0.692,0.614,0.573,0.517
Markdale,ON,-80.65,44.32,3.2,2.7,0.909,0.801,0.699,0.623,0.557,0.506,0.455
Markham,ON,-79.27,43.87,1.3,1.6,0.904,0.813,0.732,0.687,0.643,0.611,0.549
Martin,ON,-91.13,49.25,2.6,3.4,0.973,0.938,0.903,0.855,0.814,0.761,0.692
Matheson,ON,-80.47,48.53,2.8,3.8,0.982,0.933,0.9,0.844,0.799,0.718,0.667
Mattawa,ON,-78.7,46.32,2.1,3.3,0.959,0.892,0.817,0.738,0.646,0.553,0.491
Midland,ON,-79.88,44.75,2.7,2.9,0.915,0.801,0.694,0.613,0.535,0.489,0.434
Milton,ON,-79.88,43.52,1.3,1.6,0.901,0.805,0.726,0.677,0.63,0.584,0.522
Milverton,ON,-80.92,43.57,2.4,2.1,0.906,0.807,0.721,0.666,0.617,0.567,0.505
Minden,ON,-78.73,44.92,2.7,3,0.929,0.825,0.721,0.634,0.553,0.503,0.447
Mississauga,ON,-79.65,43.58,1.1,1.5,0.9,0.806,0.727,0.677,0.628,0.587,0.525
Mississauga Port Credit,ON,-79.58,43.55,0.9,1.6,0.898,0.805,0.726,0.676,0.625,0.585,0.523
Mitchell,ON,-81.2,43.47,2.4,2,0.901,0.796,0.714,0.661,0.617,0.567,0.506
Moosonee,ON,-80.72,51.32,2.7,3.4,0.975,0.94,0.909,0.862,0.81,0.75,0.701
Morrisburg,ON,-75.18,44.9,2.3,2.3,0.901,0.826,0.754,0.702,0.621,0.574,0.512
Mount Forest,ON,-80.73,43.98,2.7,2.4,0.908,0.807,0.715,0.647,0.592,0.544,0.491
Nakina,ON,-86.7,50.17,2.8,3.7,0.962,0.926,0.899,0.856,0.806,0.761,0.701
Nanticoke (Jarvis),ON,-80.1,42.88,1.4,1.5,0.904,0.802,0.724,0.668,0.605,0.566,0.514
Nanticoke (Port Dover),ON,-80.2,42.78,1.2,1.4,0.906,0.805,0.725,0.67,0.607,0.569,0.516
Napanee,ON,-76.95,44.25,1.9,2.1,0.883,0.783,0.695,0.638,0.576,0.54,0.478
New Liskeard,ON,-79.67,47.5,2.6,3.5,0.961,0.902,0.841,0.761,0.695,0.6,0.543
Newcastle,ON,-78.58,43.92,1.5,1.7,0.884,0.782,0.691,0.64,0.584,0.553,0.494
Newmarket,ON,-79.47,44.05,2,1.9,0.909,0.809,0.723,0.672,0.625,0.595,0.538
Niagara Falls,ON,-79.07,43.1,1.8,1.3,0.905,0.819,0.738,0.678,0.6,0.578,0.52
North Bay,ON,-79.47,46.32,2.2,3.3,0.956,0.885,0.808,0.719,0.629,0.529,0.471
Norwood,ON,-77.98,44.38,2.1,2.1,0.899,0.787,0.69,0.635,0.575,0.536,0.472
Oakville,ON,-79.68,43.45,1.1,1.6,0.9,0.805,0.726,0.673,0.618,0.578,0.517
Orangeville,ON,-80.1,43.92,2.3,2.1,0.91,0.809,0.721,0.662,0.613,0.572,0.518
Orillia,ON,-79.42,44.62,2.4,2.6,0.916,0.801,0.697,0.623,0.553,0.513,0.459
Oshawa,ON,-78.85,43.9,1.4,1.6,0.892,0.796,0.712,0.663,0.611,0.58,0.519
Ottawa (Barrhaven),ON,-75.76,45.28,2.4,2.5,0.919,0.828,0.742,0.693,0.622,0.582,0.509
Ottawa (city hall),ON,-75.69,45.42,2.4,2.4,0.92,0.831,0.744,0.693,0.619,0.58,0.507
Ottawa (Kanata),ON,-75.91,45.31,2.5,2.3,0.921,0.831,0.744,0.694,0.62,0.58,0.507
Ottawa (M-C Int'l Airport),ON,-75.67,45.32,2.4,2.6,0.918,0.828,0.742,0.692,0.622,0.582,0.51
Ottawa (Orleans),ON,-75.52,45.48,2.4,2.5,0.918,0.829,0.743,0.691,0.62,0.581,0.508
Owen Sound,ON,-80.93,44.57,2.8,3.1,0.907,0.795,0.686,0.602,0.526,0.469,0.417
Pagwa River,ON,-85.22,50.02,2.7,3.6,0.958,0.922,0.895,0.855,0.795,0.75,0.689
Paris,ON,-80.38,43.2,1.4,1.6,0.91,0.809,0.729,0.68,0.63,0.587,0.529
Parkhill,ON,-81.68,43.15,2.1,1.5,0.917,0.812,0.736,0.689,0.639,0.586,0.523
Parry Sound,ON,-80.03,45.35,2.8,3.7,0.915,0.809,0.687,0.587,0.494,0.423,0.37
Pelham (Fonthill),ON,-79.28,43.03,2.1,1.2,0.912,0.822,0.74,0.68,0.603,0.58,0.523
Pembroke,ON,-77.12,45.82,2.5,2.5,0.939,0.855,0.767,0.7,0.612,0.562,0.501
Penetanguishene,ON,-79.92,44.78,2.8,3,0.915,0.8,0.692,0.61,0.531,0.483,0.428
Perth,ON,-76.25,44.9,2.3,2.3,0.912,0.819,0.734,0.683,0.613,0.572,0.506
Petawawa,ON,-77.33,45.9,2.6,2.6,0.944,0.864,0.777,0.706,0.615,0.556,0.495
Peterborough,ON,-78.32,44.3,2,2.1,0.893,0.784,0.686,0.631,0.575,0.538,0.479
Petrolia,ON,-82.15,42.87,1.3,1.4,0.925,0.831,0.759,0.705,0.642,0.581,0.515
Pickering (Dunbarton),ON,-79.1,43.82,1,1.5,0.9,0.81,0.73,0.685,0.639,0.607,0.545
Picton,ON,-77.13,44,2,1.9,0.891,0.792,0.707,0.648,0.584,0.547,0.482
Plattsville,ON,-80.62,43.3,1.9,1.8,0.911,0.808,0.723,0.677,0.633,0.587,0.524
Point Alexander,ON,-77.57,46.13,2.5,3,0.954,0.881,0.801,0.724,0.629,0.55,0.483
Port Burwell,ON,-80.82,42.65,1.2,1.3,0.918,0.824,0.727,0.673,0.605,0.57,0.508
Port Colborne,ON,-79.23,42.9,2.1,1.3,0.92,0.836,0.757,0.697,0.621,0.602,0.545
Port Elgin,ON,-81.4,44.43,2.8,2.4,0.901,0.797,0.7,0.62,0.553,0.497,0.441
Port Hope,ON,-78.3,43.95,1.2,1.7,0.88,0.777,0.688,0.635,0.58,0.547,0.486
Port Perry,ON,-78.95,44.1,2.4,1.8,0.896,0.791,0.702,0.651,0.604,0.572,0.514
Port Stanley,ON,-81.22,42.67,1.2,1.3,0.929,0.84,0.747,0.694,0.626,0.586,0.518
Prescott,ON,-75.52,44.72,2.2,2.2,0.897,0.822,0.752,0.701,0.623,0.579,0.519
Princeton,ON,-80.53,43.17,1.5,1.6,0.911,0.806,0.724,0.681,0.634,0.591,0.53
Raith,ON,-89.93,48.83,2.7,3.4,0.965,0.929,0.887,0.833,0.78,0.726,0.652
Rayside-Balfour (Chelmsford),ON,-81.2,46.58,2.5,3.4,0.934,0.857,0.777,0.688,0.623,0.548,0.49
Red Lake,ON,-93.82,51.05,2.6,3.1,0.966,0.934,0.905,0.878,0.847,0.816,0.769
Renfrew,ON,-76.68,45.47,2.5,2.4,0.932,0.85,0.763,0.709,0.627,0.588,0.513
Richmond Hill,ON,-79.45,43.87,1.5,1.5,0.907,0.811,0.728,0.68,0.636,0.603,0.544
Rockland,ON,-75.29,45.55,2.4,2.6,0.918,0.832,0.748,0.694,0.618,0.573,0.5
Sarnia,ON,-82.38,42.97,1.1,1.5,0.912,0.813,0.751,0.69,0.628,0.558,0.498
Sault Ste. Marie,ON,-84.33,46.52,3.1,3.5,0.915,0.818,0.728,0.643,0.558,0.479,0.419
Schreiber,ON,-87.25,48.8,3.3,3.8,0.946,0.892,0.842,0.78,0.71,0.65,0.583
Seaforth,ON,-81.4,43.55,2.5,1.9,0.898,0.79,0.709,0.655,0.612,0.564,0.503
Shelburne,ON,-80.204,44.076,3.1,2.3,0.912,0.809,0.717,0.653,0.601,0.559,0.508
Simcoe,ON,-80.3,42.83,1.3,1.4,0.91,0.811,0.727,0.673,0.609,0.573,0.517
Sioux Lookout,ON,-91.98,50.07,2.6,3.3,0.978,0.948,0.917,0.868,0.837,0.789,0.736
Smiths Falls,ON,-76.02,44.9,2.3,2.2,0.911,0.826,0.742,0.692,0.617,0.576,0.51
Smithville,ON,-79.55,43.1,1.5,1.3,0.915,0.824,0.741,0.684,0.614,0.586,0.529
Smooth Rock Falls,ON,-81.63,49.28,2.7,3.8,0.976,0.934,0.907,0.857,0.809,0.739,0.686
South River,ON,-79.38,45.83,2.8,3.3,0.94,0.856,0.762,0.667,0.572,0.494,0.442
Southampton,ON,-81.38,44.48,2.7,2.5,0.901,0.797,0.7,0.62,0.553,0.497,0.441
St. Catharines,ON,-79.25,43.17,1,1.2,0.905,0.816,0.734,0.675,0.6,0.574,0.517
St. Mary's,ON,-81.13,43.25,2.2,1.8,0.903,0.792,0.713,0.667,0.628,0.579,0.518
St. Thomas,ON,-81.2,42.78,1.4,1.3,0.927,0.833,0.741,0.699,0.641,0.601,0.531
Stirling,ON,-77.55,44.3,1.7,2,0.89,0.783,0.687,0.635,0.578,0.537,0.47
Stratford,ON,-80.95,43.37,2.3,1.9,0.906,0.801,0.718,0.67,0.626,0.577,0.515
Strathroy,ON,-81.63,42.95,1.9,1.5,0.921,0.819,0.739,0.697,0.647,0.596,0.53
Sturgeon Falls,ON,-79.92,46.37,2.4,3.4,0.95,0.879,0.801,0.711,0.622,0.52,0.46
Sudbury,ON,-81,46.5,2.5,3.2,0.917,0.83,0.737,0.637,0.567,0.493,0.439
Sundridge,ON,-79.4,45.77,2.8,3.3,0.939,0.853,0.758,0.662,0.568,0.491,0.439
Tavistock,ON,-80.83,43.32,2.1,1.8,0.908,0.804,0.719,0.673,0.628,0.58,0.517
Temagami,ON,-79.78,47.07,2.6,3.7,0.964,0.911,0.854,0.776,0.703,0.603,0.542
Thamesford,ON,-81,43.07,1.9,1.6,0.913,0.808,0.724,0.683,0.64,0.595,0.529
Thedford,ON,-81.85,43.15,2.1,1.5,0.918,0.815,0.74,0.691,0.638,0.585,0.521
Thunder Bay,ON,-89.32,48.4,2.9,3.6,0.961,0.914,0.86,0.794,0.723,0.656,0.586
Tillsonburg,ON,-80.73,42.85,1.3,1.4,0.917,0.817,0.724,0.674,0.615,0.579,0.517
Timmins,ON,-81.33,48.47,3.1,3.8,0.978,0.925,0.889,0.834,0.781,0.702,0.649
Timmins (Porcupine),ON,-81.17,48.5,2.9,3.8,0.979,0.928,0.893,0.837,0.786,0.706,0.654
Etobicoke,ON,-79.57,43.7,1.1,1.5,0.903,0.809,0.729,0.682,0.637,0.598,0.536
North York,ON,-79.42,43.77,1.2,1.5,0.903,0.811,0.731,0.685,0.64,0.604,0.542
Scarborough,ON,-79.25,43.78,1.2,1.4,0.901,0.811,0.733,0.688,0.642,0.608,0.545
Toronto (city hall),ON,-79.38,43.65,0.9,1.4,0.899,0.808,0.729,0.681,0.63,0.595,0.532
Toronto (LBP Int'l Airport),ON,-79.61,43.68,1.1,1.5,0.903,0.809,0.729,0.682,0.637,0.598,0.536
Trenton,ON,-77.58,44.1,1.6,1.7,0.882,0.781,0.69,0.639,0.585,0.546,0.48
Trout Creek,ON,-79.37,45.98,2.7,3.2,0.942,0.861,0.77,0.677,0.583,0.498,0.446
Uxbridge,ON,-79.12,44.1,2.4,1.9,0.901,0.794,0.704,0.652,0.605,0.574,0.517
Vaughan (Woodbridge),ON,-79.6,43.78,1.1,1.7,0.906,0.809,0.727,0.678,0.633,0.597,0.537
Vittoria,ON,-80.32,42.77,1.3,1.5,0.91,0.81,0.722,0.667,0.602,0.565,0.509
Walkerton,ON,-81.15,44.12,2.7,2.5,0.903,0.801,0.708,0.632,0.571,0.52,0.466
Wallaceburg,ON,-82.38,42.6,0.9,1.3,0.942,0.861,0.783,0.72,0.647,0.589,0.52
Waterloo,ON,-80.52,43.47,2,1.9,0.911,0.814,0.727,0.677,0.632,0.584,0.523
Watford,ON,-81.88,42.95,1.9,1.4,0.923,0.82,0.746,0.7,0.646,0.591,0.527
Wawa,ON,-84.78,47.98,3.4,4.4,0.948,0.89,0.827,0.761,0.678,0.596,0.527
Welland,ON,-79.25,42.98,2,1.2,0.918,0.833,0.752,0.693,0.616,0.596,0.539
West Lorne,ON,-81.6,42.6,1.3,1.2,0.939,0.858,0.769,0.716,0.646,0.598,0.524
Whitby,ON,-78.93,43.87,1.2,1.5,0.894,0.8,0.717,0.669,0.618,0.587,0.526
Whitby (Brooklin),ON,-78.95,43.95,1.9,1.6,0.896,0.801,0.717,0.672,0.626,0.594,0.532
White River,ON,-85.28,48.6,3.6,4,0.953,0.901,0.847,0.793,0.721,0.653,0.587
Wiarton,ON,-81.15,44.75,2.7,3.1,0.909,0.801,0.694,0.609,0.531,0.471,0.418
Windsor,ON,-83.02,42.3,0.8,1.1,0.957,0.888,0.801,0.738,0.655,0.6,0.531
Wingham,ON,-81.32,43.88,2.6,2.2,0.9,0.8,0.712,0.647,0.594,0.542,0.481
Woodstock,ON,-80.75,43.13,1.9,1.6,0.913,0.806,0.722,0.681,0.638,0.593,0.528
Wyoming,ON,-82.12,42.95,1.6,1.4,0.92,0.82,0.75,0.698,0.641,0.579,0.516
Acton-Vale,QC,-72.57,45.65,2.3,2.7,0.912,0.822,0.75,0.698,0.61,0.55,0.484
Alma,QC,-71.65,48.55,3.3,3.9,0.964,0.915,0.866,0.816,0.765,0.693,0.635
Amos,QC,-78.12,48.57,3.2,3.7,0.977,0.934,0.886,0.818,0.758,0.667,0.612
Asbestos,QC,-71.93,45.77,2.8,3,0.916,0.827,0.753,0.686,0.603,0.527,0.471
Aylmer,QC,-75.83,45.4,2.5,2.3,0.921,0.833,0.745,0.694,0.618,0.579,0.505
Baie-Comeau,QC,-68.15,49.22,4.3,5.1,0.959,0.913,0.841,0.78,0.703,0.621,0.562
Baie-Saint-Paul,QC,-70.51,47.44,3.4,4.9,0.956,0.902,0.845,0.798,0.738,0.663,0.597
Beauport,QC,-71.18,46.87,3.4,4.6,0.938,0.849,0.765,0.697,0.621,0.556,0.494
Bedford,QC,-72.98,45.12,2.1,2.4,0.905,0.825,0.766,0.716,0.637,0.584,0.522
Beloeil,QC,-73.2,45.57,2.4,2.3,0.922,0.851,0.787,0.743,0.663,0.62,0.544
Brome,QC,-72.57,45.2,2.5,2.6,0.904,0.817,0.749,0.694,0.611,0.549,0.489
Brossard,QC,-73.47,45.45,2.4,2.5,0.925,0.863,0.804,0.762,0.685,0.647,0.569
Buckingham,QC,-75.42,45.58,2.6,2.6,0.919,0.832,0.745,0.691,0.615,0.572,0.499
Campbell's Bay,QC,-76.6,45.73,2.6,2.5,0.93,0.85,0.763,0.706,0.62,0.58,0.505
Chambly,QC,-73.28,45.45,2.3,2.3,0.92,0.851,0.79,0.747,0.67,0.628,0.552
Coaticook,QC,-71.8,45.13,2.3,2.6,0.912,0.831,0.753,0.68,0.594,0.518,0.472
Contrecoeur,QC,-73.23,45.85,2.8,2.5,0.922,0.841,0.766,0.72,0.637,0.597,0.523
Cowansville,QC,-72.75,45.2,2.3,2.5,0.904,0.819,0.753,0.701,0.619,0.561,0.5
Deux-Montagnes,QC,-73.88,45.53,2.4,2.4,0.925,0.855,0.784,0.734,0.651,0.61,0.534
Dolbeau,QC,-72.23,48.88,3.5,3.7,0.962,0.91,0.864,0.816,0.765,0.695,0.637
Drummondville,QC,-72.48,45.88,2.5,2.7,0.917,0.825,0.751,0.697,0.61,0.55,0.485
Farnham,QC,-72.98,45.28,2.5,2.4,0.905,0.824,0.763,0.715,0.637,0.584,0.518
Fort-Coulonge,QC,-76.73,45.85,2.5,2.6,0.936,0.857,0.771,0.709,0.62,0.571,0.498
Gagnon,QC,-68.17,51.93,4.6,5.7,0.976,0.956,0.931,0.906,0.873,0.837,0.801
Gaspé,QC,-64.48,48.83,4.3,5.8,0.938,0.876,0.787,0.707,0.607,0.523,0.445
Gatineau,QC,-75.65,45.5,2.5,2.4,0.919,0.832,0.744,0.692,0.618,0.579,0.506
Gracefield,QC,-76.05,46.1,2.6,3,0.937,0.865,0.781,0.717,0.625,0.567,0.493
Granby,QC,-72.73,45.4,2.3,2.7,0.903,0.815,0.748,0.697,0.615,0.557,0.492
Harrington-Harbour,QC,-59.48,50.5,4.9,6.3,0.916,0.834,0.721,0.62,0.498,0.411,0.339
Havre-St-Pierre,QC,-63.6,50.23,4.1,6.2,0.947,0.879,0.797,0.723,0.633,0.552,0.492
Hemmingford,QC,-73.58,45.05,2.4,2.5,0.918,0.861,0.8,0.752,0.662,0.615,0.551
Hull,QC,-75.73,45.43,2.4,2.4,0.92,0.831,0.744,0.693,0.619,0.58,0.507
Iberville,QC,-73.23,45.35,2.2,2.2,0.917,0.848,0.788,0.744,0.667,0.624,0.551
Inukjuak,QC,-78.1,58.48,4.1,3,0.988,0.985,0.968,0.963,0.95,0.931,0.881
Joliette,QC,-73.45,46.02,3.1,2.9,0.922,0.844,0.762,0.711,0.627,0.584,0.507
Kuujjuaq,QC,-68.4,58.1,4.8,4,1.008,1.002,0.991,0.974,0.963,0.949,0.931
Kuujjuarapik,QC,-77.75,55.28,4.2,3.5,0.991,0.98,0.973,0.97,0.95,0.928,0.879
La Pocatière,QC,-70.04,47.37,3.2,4.5,0.95,0.884,0.815,0.753,0.688,0.612,0.551
Lachute,QC,-74.33,45.65,2.4,2.6,0.925,0.849,0.769,0.711,0.626,0.58,0.505
Lac-Mégantic,QC,-70.88,45.58,3.2,3.3,0.924,0.857,0.785,0.715,0.634,0.553,0.505
La-Malbaie,QC,-70.15,47.65,3.1,4.8,0.956,0.904,0.848,0.801,0.741,0.668,0.605
La-Tuque,QC,-72.78,47.43,3.4,4.2,0.955,0.903,0.847,0.793,0.728,0.659,0.592
Lennoxville,QC,-71.85,45.37,2.1,2.8,0.912,0.828,0.753,0.685,0.6,0.524,0.475
Léry,QC,-73.8,45.35,2.3,2.4,0.922,0.858,0.791,0.742,0.655,0.611,0.54
Loretteville,QC,-71.35,46.85,3.7,4.4,0.937,0.846,0.758,0.688,0.61,0.545,0.483
Louiseville,QC,-72.95,46.25,2.9,3,0.921,0.839,0.753,0.701,0.615,0.567,0.494
Magog,QC,-72.13,45.27,2.3,2.6,0.909,0.821,0.745,0.68,0.594,0.521,0.469
Malartic,QC,-78.13,48.13,3.3,3.8,0.975,0.929,0.886,0.821,0.765,0.675,0.622
Maniwaki,QC,-75.97,46.38,2.4,3.1,0.94,0.873,0.793,0.726,0.633,0.569,0.499
Masson,QC,-75.417,45.533,2.4,2.6,0.918,0.83,0.744,0.691,0.617,0.575,0.502
Matane,QC,-67.53,48.85,3.7,5.1,0.957,0.907,0.834,0.763,0.685,0.598,0.536
Mont-Joli,QC,-68.18,48.58,4.1,5.1,0.952,0.902,0.833,0.763,0.683,0.598,0.538
Mont-Laurier,QC,-75.5,46.55,2.6,3.1,0.937,0.875,0.797,0.733,0.642,0.582,0.513
Montmagny,QC,-70.55,46.98,2.9,4.7,0.945,0.871,0.796,0.733,0.662,0.587,0.524
Beaconsfield,QC,-73.87,45.43,2.3,2.4,0.924,0.856,0.786,0.736,0.65,0.608,0.535
Dorval,QC,-73.75,45.45,2.4,3.8,0.924,0.858,0.792,0.745,0.663,0.622,0.547
Laval,QC,-73.75,45.58,2.6,2.6,0.925,0.856,0.788,0.74,0.658,0.619,0.542
Montréal (city hall),QC,-73.554,45.509,2.6,2.8,0.925,0.859,0.796,0.752,0.673,0.635,0.557
Montréal-Est,QC,-73.52,45.63,2.7,2.6,0.925,0.855,0.788,0.743,0.663,0.624,0.547
Montréal-Nord,QC,-73.63,45.6,2.6,2.7,0.925,0.856,0.789,0.743,0.663,0.624,0.547
Outremont,QC,-73.62,45.52,2.8,3,0.925,0.858,0.793,0.748,0.668,0.63,0.552
Pierrefonds,QC,-73.87,45.48,2.4,2.4,0.924,0.856,0.787,0.737,0.653,0.612,0.537
St-Lambert,QC,-73.5,45.5,2.5,2.7,0.925,0.861,0.799,0.756,0.678,0.64,0.562
St-Laurent,QC,-73.67,45.5,2.5,2.8,0.925,0.86,0.796,0.75,0.67,0.631,0.554
Ste-Anne-de-Bellevue,QC,-73.93,45.42,2.3,2.4,0.923,0.855,0.785,0.734,0.648,0.605,0.532
Verdun,QC,-73.57,45.45,2.5,3,0.924,0.862,0.801,0.757,0.678,0.638,0.562
Nicolet (Gentilly),QC,-72.28,46.4,2.8,3.2,0.924,0.832,0.743,0.683,0.599,0.541,0.48
Nitchequon,QC,-70.91,53.21,3.5,4.5,0.979,0.959,0.941,0.922,0.913,0.882,0.855
Noranda,QC,-79.02,48.25,3.2,3.8,0.971,0.921,0.876,0.81,0.756,0.666,0.614
Percé,QC,-64.22,48.53,3.8,5.5,0.924,0.854,0.758,0.671,0.575,0.485,0.409
Pincourt,QC,-73.98,45.38,2.3,2.4,0.922,0.856,0.787,0.738,0.651,0.607,0.535
Plessisville,QC,-71.78,46.22,2.8,3.3,0.921,0.83,0.75,0.683,0.602,0.531,0.476
Port-Cartier,QC,-66.87,50.02,4.1,6.1,0.956,0.895,0.815,0.742,0.657,0.574,0.515
Puvinrituq,QC,-77.283,60.033,4.5,3.2,0.995,0.997,0.992,0.987,0.982,0.979,0.949
Ancienne-Lorette,QC,-71.38,46.78,3.4,4.4,0.935,0.846,0.759,0.689,0.61,0.544,0.484
Lévis,QC,-71.18,46.8,3.3,4.5,0.936,0.845,0.76,0.69,0.613,0.547,0.486
Québec,QC,-71.23,46.8,3.6,4.6,0.936,0.846,0.759,0.69,0.612,0.547,0.485
Sillery,QC,-71.25,46.77,3.1,4.5,0.935,0.846,0.759,0.69,0.612,0.546,0.485
Ste-Foy,QC,-71.28,46.78,3.7,4.4,0.935,0.846,0.759,0.689,0.611,0.545,0.484
Richmond,QC,-72.15,45.67,2.4,2.9,0.914,0.824,0.75,0.688,0.603,0.532,0.473
Rimouski,QC,-68.55,48.43,3.8,4.3,0.95,0.895,0.819,0.745,0.66,0.575,0.519
Rivière-du-Loup,QC,-69.53,47.83,3.5,4.2,0.947,0.884,0.815,0.744,0.671,0.595,0.539
Roberval,QC,-72.23,48.52,3.5,3.9,0.963,0.915,0.872,0.826,0.777,0.706,0.646
Rock-Island,QC,-72.1,45.04,2,2.8,0.911,0.827,0.75,0.683,0.594,0.521,0.47
Rosemère,QC,-73.8,45.63,2.6,2.5,0.925,0.852,0.781,0.731,0.648,0.609,0.532
Rouyn,QC,-79.02,48.23,3.1,3.8,0.971,0.921,0.876,0.81,0.756,0.666,0.614
Saguenay,QC,-71.07,48.43,2.7,4.5,0.966,0.924,0.876,0.83,0.779,0.71,0.656
Saguenay (Bagotville),QC,-70.88,48.35,2.7,4.7,0.968,0.927,0.881,0.84,0.79,0.724,0.671
Saguenay (Jonquière),QC,-71.22,48.42,3.1,4.2,0.966,0.921,0.872,0.824,0.773,0.703,0.648
Saguenay (Kénogami),QC,-71.25,48.42,3.1,4.2,0.966,0.921,0.872,0.824,0.773,0.703,0.648
Saint-Eustache,QC,-73.9,45.56,2.4,2.4,0.925,0.855,0.784,0.734,0.651,0.61,0.534
Saint-Jean-sur-Richelieu,QC,-73.26,45.31,2.2,2,0.918,0.85,0.791,0.747,0.67,0.627,0.554
Salaberry-de-Valleyfield,QC,-74.13,45.25,2.3,2.3,0.92,0.857,0.795,0.752,0.667,0.621,0.548
Schefferville,QC,-66.83,54.8,4.5,5.3,1.002,0.992,0.973,0.962,0.951,0.932,0.916
Senneterre,QC,-77.23,48.38,3.3,3.8,0.976,0.927,0.874,0.808,0.753,0.67,0.618
Sept-Îles,QC,-66.38,50.2,4.1,6.4,0.956,0.9,0.829,0.762,0.683,0.606,0.55
Shawinigan,QC,-72.75,46.55,3.1,3.5,0.928,0.849,0.761,0.701,0.616,0.561,0.491
Shawville,QC,-76.48,45.6,2.8,2.4,0.928,0.846,0.757,0.702,0.618,0.582,0.507
Sherbrooke,QC,-71.9,45.42,2.2,2.8,0.912,0.827,0.752,0.684,0.6,0.524,0.474
Sorel,QC,-73.12,46.03,2.8,2.6,0.922,0.841,0.761,0.712,0.627,0.585,0.511
Ste-Agathe-des-Monts,QC,-74.28,46.05,3.4,3.7,0.927,0.855,0.77,0.705,0.619,0.562,0.487
St-Félicien,QC,-72.45,48.65,3.5,3.8,0.962,0.913,0.871,0.827,0.78,0.711,0.653
St-Georges-de-Cacouna,QC,-69.5,47.92,3.2,4.2,0.947,0.886,0.816,0.746,0.671,0.595,0.539
St-Hubert,QC,-73.42,45.5,2.5,2.6,0.925,0.862,0.802,0.76,0.683,0.646,0.567
St-Hubert-de-Rivière-du-Loup,QC,-69.15,47.817,4.4,4.6,0.945,0.883,0.811,0.743,0.668,0.588,0.531
St-Hyacinthe,QC,-72.95,45.62,2.3,2.6,0.917,0.836,0.77,0.723,0.639,0.588,0.516
St-Jérôme,QC,-74,45.78,2.7,3,0.924,0.851,0.77,0.715,0.63,0.585,0.507
St-Jovite,QC,-74.6,46.12,2.8,3.7,0.931,0.859,0.773,0.704,0.617,0.554,0.481
St-Lazare-Hudson,QC,-74.14,45.4,2.3,2.5,0.922,0.853,0.785,0.737,0.653,0.609,0.534
St-Nicolas,QC,-71.4,46.7,3.5,4.3,0.933,0.845,0.758,0.688,0.61,0.543,0.484
Sutton,QC,-72.62,45.1,2.4,2.5,0.907,0.824,0.757,0.701,0.618,0.557,0.501
Tadoussac,QC,-69.72,48.15,3.7,4.3,0.958,0.909,0.845,0.785,0.717,0.643,0.586
Témiscaming,QC,-79.1,46.72,2.5,3.4,0.964,0.902,0.841,0.762,0.678,0.572,0.508
Terrebonne,QC,-73.63,45.69,2.6,2.7,0.924,0.85,0.779,0.73,0.648,0.608,0.532
Thetford Mines,QC,-71.3,46.08,3.5,3.8,0.925,0.845,0.771,0.703,0.623,0.542,0.485
Thurso,QC,-75.25,45.6,2.4,2.7,0.918,0.834,0.748,0.695,0.616,0.57,0.497
Trois-Rivières,QC,-72.55,46.35,2.8,3.1,0.923,0.834,0.745,0.688,0.603,0.548,0.483
Val-d'Or,QC,-77.78,48.1,3.4,3.7,0.976,0.927,0.871,0.8,0.736,0.65,0.596
Varennes,QC,-73.43,45.68,2.6,2.5,0.924,0.852,0.783,0.738,0.657,0.619,0.543
Verchères,QC,-73.35,45.78,2.7,2.6,0.923,0.849,0.778,0.733,0.652,0.614,0.538
Victoriaville,QC,-71.97,46.05,2.6,3.1,0.919,0.827,0.749,0.686,0.603,0.534,0.477
Ville-Marie,QC,-79.43,47.33,2.3,3.5,0.961,0.906,0.845,0.764,0.693,0.595,0.538
Wakefield,QC,-75.93,45.64,2.4,2.5,0.927,0.845,0.755,0.7,0.614,0.573,0.497
Waterloo,QC,-72.52,45.35,2.5,2.8,0.906,0.816,0.746,0.69,0.606,0.543,0.482
Windsor,QC,-72,45.57,2.3,2.8,0.913,0.823,0.75,0.684,0.599,0.525,0.469
Alma,NB,-64.95,45.6,2.6,3.7,0.846,0.738,0.645,0.543,0.442,0.365,0.305
Bathurst,NB,-65.65,47.62,4.1,5.1,0.911,0.833,0.731,0.633,0.534,0.44,0.375
Boiestown,NB,-66.419,46.455,3.6,5.7,0.919,0.848,0.753,0.656,0.559,0.459,0.394
Campbellton,NB,-66.67,48,4.3,5.3,0.944,0.893,0.822,0.74,0.652,0.555,0.479
Edmundston,NB,-68.33,47.37,3.4,5,0.934,0.873,0.801,0.729,0.646,0.559,0.494
Fredericton,NB,-66.65,45.95,3.1,3.3,0.89,0.81,0.711,0.615,0.524,0.446,0.401
Gagetown,NB,-66.16,45.79,2.8,4.1,0.889,0.804,0.698,0.594,0.49,0.406,0.354
Grand Falls,NB,-67.73,47.05,3.6,4.9,0.923,0.857,0.772,0.689,0.596,0.513,0.446
Miramichi,NB,-65.47,47.03,3.4,4.8,0.894,0.814,0.717,0.623,0.52,0.423,0.356
Moncton,NB,-64.78,46.1,3,3.8,0.836,0.732,0.632,0.528,0.415,0.325,0.27
Oromocto,NB,-66.48,45.84,3,3.5,0.884,0.801,0.699,0.602,0.508,0.431,0.388
Sackville,NB,-64.37,45.88,2.5,3.2,0.817,0.704,0.604,0.498,0.382,0.296,0.243
Saint Andrews ,NB,-67.05,45.07,2.8,4.4,0.881,0.781,0.675,0.561,0.479,0.414,0.377
Saint George ,NB,-66.82,45.13,2.8,4.6,0.881,0.782,0.677,0.566,0.483,0.416,0.377
Saint John,NB,-66.05,45.267,2.3,3.1,0.881,0.792,0.708,0.603,0.514,0.446,0.394
Shippagan,NB,-64.7,47.73,3.4,5,0.9,0.818,0.714,0.619,0.519,0.426,0.355
St. Stephen,NB,-67.28,45.2,2.9,4.1,0.893,0.796,0.689,0.574,0.494,0.427,0.392
Woodstock,NB,-67.6,46.16,3.1,4.2,0.91,0.837,0.745,0.656,0.566,0.485,0.429
Amherst,NS,-64.2,45.83,2.4,3.3,0.823,0.71,0.607,0.503,0.385,0.3,0.245
Antigonish,NS,-62,45.62,2.3,3.1,0.817,0.696,0.585,0.504,0.397,0.323,0.255
Bridgewater,NS,-64.52,44.38,1.9,3.1,0.826,0.73,0.658,0.591,0.489,0.408,0.33
Canso,NS,-61,45.33,1.7,2.7,0.806,0.683,0.575,0.485,0.389,0.321,0.254
Dartmouth,NS,-63.57,44.67,1.6,2.4,0.819,0.705,0.6,0.515,0.406,0.337,0.272
Debert,NS,-63.47,45.43,2.1,2.8,0.838,0.728,0.628,0.537,0.425,0.349,0.286
Digby,NS,-65.77,44.62,2.2,2.8,0.828,0.74,0.663,0.598,0.493,0.418,0.36
Greenwood (CFB),NS,-64.9,44.98,2.7,2.8,0.854,0.773,0.698,0.623,0.521,0.445,0.382
Halifax,NS,-63.6,44.65,1.9,2.3,0.815,0.702,0.598,0.515,0.408,0.34,0.273
Kentville,NS,-64.5,45.08,2.6,3.3,0.864,0.79,0.717,0.638,0.535,0.468,0.402
Liverpool,NS,-64.72,44.03,1.7,2.2,0.829,0.736,0.654,0.577,0.471,0.397,0.314
Lockeport,NS,-65.12,43.7,1.4,2.4,0.827,0.738,0.659,0.583,0.479,0.406,0.317
Louisburg,NS,-59.98,45.92,2.1,3.1,0.774,0.627,0.518,0.426,0.343,0.279,0.222
Lunenburg,NS,-64.32,44.38,1.9,2.3,0.841,0.748,0.668,0.593,0.484,0.408,0.331
New Glasgow,NS,-62.65,45.58,2.2,3,0.821,0.7,0.59,0.5,0.389,0.312,0.248
North Sydney,NS,-60.25,46.22,2.4,3.4,0.76,0.61,0.504,0.416,0.337,0.273,0.216
Pictou,NS,-62.72,45.68,2.2,3.1,0.824,0.706,0.596,0.506,0.393,0.314,0.25
Port Hawkesbury,NS,-61.35,45.62,2.1,3,0.805,0.677,0.567,0.479,0.38,0.312,0.247
Springhill,NS,-64.05,45.65,3.1,3.3,0.835,0.725,0.621,0.521,0.407,0.327,0.269
Stewiacke,NS,-63.35,45.13,1.8,2.6,0.835,0.727,0.626,0.54,0.431,0.363,0.302
Sydney,NS,-60.18,46.15,2.3,3.3,0.758,0.602,0.499,0.41,0.334,0.272,0.217
Tatamagouche,NS,-63.3,45.72,2.2,3.4,0.828,0.713,0.603,0.506,0.389,0.306,0.246
Truro,NS,-63.27,45.37,2,2.5,0.832,0.719,0.617,0.529,0.419,0.347,0.285
Wolfville,NS,-64.37,45.08,2.6,3.2,0.864,0.788,0.713,0.633,0.529,0.462,0.397
Yarmouth,NS,-66.12,43.83,1.8,2.2,0.849,0.776,0.707,0.655,0.548,0.464,0.376
Charlottetown,PE,-63.133,46.233,2.7,3.5,0.834,0.723,0.614,0.52,0.404,0.317,0.254
Souris,PE,-62.25,46.35,2.7,3.4,0.813,0.693,0.582,0.5,0.395,0.319,0.252
Summerside,PE,-63.783,46.4,3.1,4.4,0.863,0.77,0.663,0.565,0.451,0.344,0.276
Tignish,PE,-64.03,46.95,3.2,4.3,0.861,0.766,0.659,0.561,0.448,0.342,0.275
Argentia,NL,-53.98,47.3,2.4,3.4,0.832,0.701,0.57,0.462,0.367,0.3,0.243
Bonavista,NL,-53.12,48.65,3.1,4.1,0.835,0.704,0.573,0.461,0.351,0.273,0.216
Buchans,NL,-56.867,48.817,4.7,5.5,0.884,0.819,0.737,0.663,0.537,0.442,0.374
Cape Harrison,NL,-57.95,54.78,6.3,9.5,0.97,0.951,0.922,0.887,0.832,0.742,0.658
Cape Race,NL,-53.07,46.65,2.3,2.3,1.015,0.851,0.479,0.374,0.293,0.227,0.18
Channel-Port aux Basques,NL,-59.15,47.57,3.6,4.2,0.823,0.695,0.571,0.483,0.391,0.326,0.278
Corner Brook,NL,-57.95,48.95,3.7,5.5,0.857,0.765,0.66,0.577,0.456,0.37,0.31
Gander,NL,-54.59,48.98,3.7,4.6,0.864,0.781,0.69,0.601,0.47,0.353,0.268
Grand Bank,NL,-55.77,47.1,2.4,4.6,0.825,0.71,0.598,0.501,0.402,0.325,0.263
Grand Falls,NL,-55.67,48.93,3.4,4.8,0.889,0.821,0.74,0.66,0.533,0.415,0.336
Happy Valley-Goose Bay,NL,-60.37,53.32,5.3,7.1,0.975,0.969,0.951,0.928,0.894,0.846,0.808
Labrador City,NL,-66.92,52.95,4.8,6,0.99,0.981,0.96,0.943,0.923,0.895,0.873
St. Anthony,NL,-55.58,51.37,6.1,6.5,0.946,0.897,0.824,0.741,0.634,0.533,0.449
St. John's,NL,-52.72,47.57,2.9,4.1,0.802,0.648,0.513,0.415,0.339,0.279,0.236
Stephenville,NL,-58.58,48.55,4.1,5.5,0.847,0.734,0.627,0.545,0.436,0.355,0.304
Twin Falls,NL,-64.53,53.5,4.8,6.7,1.001,1.003,0.983,0.967,0.943,0.909,0.883
Wabana,NL,-52.95,47.63,3,4.5,0.811,0.659,0.519,0.414,0.33,0.269,0.225
Wabush,NL,-66.87,52.92,4.8,5.8,0.99,0.981,0.96,0.943,0.922,0.894,0.872
Aishihik,YT,-137.517,61.6,1.9,1.6,1.041,1.056,1.063,1.072,1.082,1.1,1.097
Dawson,YT,-139.42,64.07,2.9,2.8,1.019,1.04,1.045,1.057,1.064,1.078,1.076
Destruction Bay,YT,-138.8,61.25,1.9,1.4,1.042,1.06,1.077,1.097,1.125,1.155,1.165
Faro,YT,-133.357,62.227,2.3,2.1,1.029,1.044,1.048,1.053,1.051,1.055,1.049
Haines Junction,YT,-137.54,60.78,2.2,2.1,1.029,1.039,1.051,1.068,1.078,1.087,1.083
Snag,YT,-140.37,62.4,2.2,1.3,1.047,1.08,1.097,1.112,1.127,1.156,1.162
Teslin,YT,-132.72,60.17,3,3.4,1.006,1.003,1.005,1.013,1.006,0.998,0.975
Watson Lake,YT,-128.71,60.13,3.2,3.2,1.029,1.055,1.072,1.077,1.069,1.068,1.058
Whitehorse,YT,-135.05,60.72,2,2,1.03,1.043,1.05,1.067,1.072,1.076,1.064
Aklavik,NT,-135.01,68.23,2.8,2.8,1.01,1.028,1.042,1.043,1.054,1.062,1.065
Echo Bay / Port Radium,NT,-117.88,66.05,3,2.6,1.03,1.054,1.078,1.086,1.099,1.124,1.137
Fort Good Hope,NT,-128.63,66.29,2.9,3,1.034,1.059,1.078,1.094,1.103,1.11,1.12
Fort McPherson ,NT,-134.88,67.43,3.2,2.9,1.014,1.039,1.055,1.062,1.073,1.078,1.094
Fort Providence,NT,-117.65,61.35,2.4,2.5,1.021,1.029,1.048,1.042,1.053,1.041,1.006
Fort Resolution,NT,-113.67,61.19,2.3,2.8,1.025,1.041,1.058,1.062,1.065,1.053,1.025
Fort Simpson,NT,-121.35,61.93,2.3,2.4,1.036,1.037,1.047,1.044,1.046,1.037,1.022
Fort Smith,NT,-111.88,60,2.3,2.4,1.019,1.029,1.045,1.05,1.049,1.026,0.993
Hay River,NT,-115.733,60.85,2.4,2.9,1.027,1.038,1.055,1.05,1.059,1.045,1.002
Inuvik,NT,-133.72,68.35,3.1,2.7,1.022,1.043,1.057,1.065,1.087,1.099,1.095
Mould Bay,NT,-119.33,76.23,1.5,1.7,1.031,1.067,1.102,1.13,1.145,1.161,1.166
Norman Wells,NT,-126.85,65.283,3,3.5,1.032,1.062,1.078,1.095,1.11,1.118,1.126
Rae-Edzo,NT,-116.05,62.83,2.3,2.3,1.027,1.03,1.04,1.026,1.034,1.041,1.034
Tungsten,NT,-128.27,61.95,4.3,5.7,1.015,1.018,1.022,1.017,1.006,1.007,1.01
Ulukhaqtuuq / Holman,NT,-117.75,70.73,2.1,1.6,1.019,1.049,1.062,1.088,1.096,1.106,1.11
Wrigley,NT,-123.47,63.23,2.8,2.6,1.026,1.041,1.051,1.054,1.053,1.05,1.061
Yellowknife,NT,-114.35,62.48,2.2,2.1,1.032,1.043,1.054,1.042,1.043,1.044,1.034
Alert,NU,-62.25,82.48,2.6,1.7,1.025,1.055,1.083,1.106,1.127,1.147,1.168
Arctic Bay,NU,-85.17,73.03,2.4,2.7,1.033,1.044,1.08,1.1,1.127,1.159,1.177
Arviat,NU,-94.05,61.12,3,2.6,1.005,1.015,1.007,1.007,0.993,0.979,0.961
Baker Lake,NU,-96.02,64.32,3.4,3.1,1.001,1.014,1.027,1.034,1.026,1.018,1.018
Eureka,NU,-85.95,79.983,1.6,1.7,1.025,1.055,1.083,1.106,1.127,1.147,1.168
Igluligaarjuk / Chesterfield Inlet,NU,-90.7,63.33,3.6,3.2,1.008,1.021,1.017,1.02,1.011,0.999,0.998
Iqaluit,NU,-68.5,63.73,2.9,2.6,1.037,1.049,1.047,1.057,1.08,1.094,1.084
Iqaluktuuttiaq / Cambridge Bay,NU,-105.03,69.12,1.9,1.6,1.013,1.02,1.041,1.059,1.061,1.07,1.065
Isachsen,NU,-103.53,78.78,1.9,1.7,1.022,1.032,1.051,1.065,1.072,1.085,1.098
Kangiqiniq / Rankin Inlet,NU,-92.08,62.82,3,2.5,1.011,1.026,1.019,1.018,1.003,0.993,0.99
Kanngiqtugaapik / Clyde River,NU,-68.57,70.45,4.2,4.8,1.02,1.036,1.04,1.045,1.073,1.1,1.12
Kugluktuk,NU,-115.08,67.83,3.4,2.7,1.013,1.023,1.034,1.049,1.05,1.06,1.066
Nottingham Island,NU,-78,63.1,4.7,3.4,1.001,0.999,1.002,0.998,1.009,1.008,0.998
Resolute,NU,-94.9,74.68,2,1.7,1.026,1.035,1.061,1.078,1.087,1.103,1.116
Resolution Island,NU,-64.883,61.3,5.5,6.1,1.014,0.996,0.98,0.972,0.953,0.941,0.9
Salliq / Coral Harbour,NU,-83.17,64.13,3.8,2.7,1.004,1.016,1.02,1.034,1.046,1.049,1.038
