Location,prov,Longitude,Latitude,WP10 (NBCC),WP10 (kPa),CF_0.5C ,CF_1.0C ,CF_1.5C ,CF_2.0C ,CF_2.5C ,CF_3.0C ,CF_3.5C 
100 Mile House,BC,-121.283,51.65,0.27,0.19,0.996,0.996,1.012,1.02,1.039,1.049,1.06
Abbotsford,BC,-122.329,49.052,0.33,0.27,1.008,1.024,1.047,1.078,1.095,1.099,1.097
Agassiz,BC,-121.77,49.23,0.35,0.25,1.019,1.032,1.056,1.093,1.125,1.137,1.141
Alberni,BC,-124.8,49.27,0.24,0.28,1.011,1.018,1.036,1.052,1.08,1.089,1.107
Ashcroft,BC,-121.28,50.72,0.29,0.28,1.016,1.03,1.048,1.081,1.121,1.136,1.16
Bamfield,BC,-125.13,48.83,0.38,0.44,1.007,1.01,1.029,1.044,1.068,1.072,1.084
Beatton River,BC,-121.4,57.38,0.23,0.26,0.997,1.003,1.011,1.006,1.017,1.019,1.038
Bella Bella,BC,-128.14,52.16,0.4,0.5,1.004,1.026,1.045,1.069,1.079,1.096,1.105
Bella Coola,BC,-126.75,52.37,0.29,0.48,1.037,1.082,1.115,1.151,1.18,1.226,1.247
Burns Lake,BC,-125.75,54.23,0.29,0.21,1.008,1.018,1.033,1.051,1.062,1.077,1.096
Cache Creek,BC,-121.32,50.8,0.29,0.28,1.014,1.027,1.042,1.07,1.105,1.121,1.142
Campbell River,BC,-125.24,50.02,0.41,0.33,1.013,1.025,1.054,1.079,1.109,1.122,1.14
Carmi,BC,-119.12,49.5,0.29,0.21,0.997,1.005,1.006,1.012,1.018,1.019,1.015
Castlegar,BC,-117.67,49.32,0.26,0.19,0.994,0.995,1,1.005,1.014,1.013,0.997
Chetwynd,BC,-121.63,55.7,0.3,0.24,0.989,0.979,0.982,0.985,0.999,0.994,0.993
Chilliwack,BC,-121.95,49.167,0.35,0.23,1.012,1.024,1.046,1.08,1.104,1.111,1.111
Comox,BC,-124.93,49.68,0.41,0.38,1.019,1.03,1.059,1.08,1.109,1.12,1.136
Courtenay,BC,-124.98,49.68,0.41,0.38,1.019,1.03,1.059,1.08,1.109,1.12,1.136
Cranbrook,BC,-115.77,49.5,0.25,0.24,0.999,0.99,0.992,0.99,1.002,1.006,0.999
Crescent Valley,BC,-117.55,49.45,0.25,0.2,1.001,1.004,1.008,1.013,1.022,1.023,1.014
Crofton,BC,-123.65,48.87,0.32,0.42,0.995,0.996,1.013,1.035,1.05,1.055,1.054
Dawson Creek,BC,-120.23,55.77,0.3,0.27,0.993,0.986,0.981,0.978,0.987,0.981,0.979
Dease Lake ,BC,-130,58.44,0.23,0.25,1.018,1.043,1.06,1.081,1.105,1.148,1.171
Dog Creek,BC,-122.3,51.58,0.27,0.26,1.009,1.008,1.022,1.023,1.047,1.056,1.066
Duncan,BC,-123.7,48.78,0.31,0.33,1.001,1.004,1.02,1.038,1.053,1.059,1.06
Elko,BC,-115.12,49.3,0.3,0.26,0.998,0.988,0.989,0.992,1,0.997,0.989
Fernie,BC,-115.07,49.5,0.3,0.26,0.999,0.989,0.993,0.992,0.998,0.998,0.991
Fort Nelson,BC,-122.7,58.83,0.23,0.23,1.006,1.005,1.002,0.996,0.994,0.997,0.992
Fort St. John,BC,-120.85,56.25,0.29,0.33,0.995,0.991,0.993,0.99,0.995,0.991,0.994
Glacier,BC,-117.52,51.27,0.24,0.42,1,1.003,1.024,1.038,1.057,1.059,1.081
Gold River ,BC,-126.05,49.78,0.24,0.34,1.01,1.021,1.048,1.067,1.097,1.104,1.115
Golden,BC,-116.97,51.3,0.26,0.41,1.005,1.024,1.055,1.071,1.088,1.096,1.124
Grand Forks,BC,-118.45,49.03,0.3,0.19,0.99,0.992,1.001,1.009,1.018,1.019,1.008
Greenwood,BC,-118.68,49.1,0.3,0.2,0.989,0.992,1.002,1.01,1.019,1.022,1.013
Hope,BC,-121.44,49.38,0.47,0.26,1.023,1.029,1.05,1.083,1.117,1.13,1.135
Jordan River ,BC,-124.05,48.42,0.44,0.44,1.004,1.007,1.023,1.042,1.058,1.064,1.065
Kamloops,BC,-120.32,50.67,0.3,0.28,1.009,1.014,1.018,1.036,1.067,1.074,1.087
Kaslo,BC,-116.92,49.92,0.23,0.29,1.005,1.016,1.031,1.037,1.047,1.058,1.067
Kelowna,BC,-119.48,49.88,0.3,0.25,0.997,1.008,1.014,1.029,1.046,1.052,1.053
Kimberley,BC,-115.98,49.68,0.25,0.25,1.004,1,0.998,0.996,1.011,1.015,1.009
Kitimat Plant,BC,-128.63,54.05,0.36,0.47,1.031,1.07,1.096,1.13,1.16,1.189,1.209
Kitimat Townsite,BC,-128.65,54.07,0.36,0.46,1.031,1.069,1.096,1.13,1.159,1.189,1.209
Ladysmith,BC,-123.82,48.99,0.32,0.36,1.006,1.01,1.025,1.042,1.057,1.062,1.065
Langford,BC,-123.5,48.45,0.32,0.28,0.997,1.002,1.019,1.049,1.066,1.078,1.076
Lillooet,BC,-121.93,50.68,0.33,0.4,1.027,1.046,1.071,1.106,1.145,1.168,1.193
Lytton,BC,-121.57,50.23,0.32,0.41,1.031,1.051,1.086,1.138,1.193,1.216,1.244
Mackenzie,BC,-123.08,55.3,0.25,0.22,0.998,0.99,0.993,1.013,1.03,1.036,1.036
Masset,BC,-132.1,54.02,0.5,0.68,1.006,1.016,1.028,1.04,1.049,1.063,1.073
McBride,BC,-120.17,53.3,0.27,0.45,1.024,1.045,1.078,1.104,1.137,1.157,1.191
McLeod Lake,BC,-123.03,54.98,0.25,0.2,0.994,0.989,0.994,1.006,1.013,1.016,1.013
Merritt,BC,-120.783,50.1,0.33,0.3,1.02,1.03,1.042,1.072,1.101,1.118,1.133
Mission City,BC,-122.3,49.13,0.32,0.26,1.011,1.027,1.049,1.082,1.1,1.105,1.104
Montrose,BC,-117.58,49.08,0.26,0.19,0.995,0.996,1.002,1.012,1.019,1.021,1.007
Nakusp,BC,-117.8,50.23,0.25,0.22,1.009,1.017,1.024,1.032,1.047,1.051,1.055
Nanaimo,BC,-123.93,49.17,0.38,0.31,1.008,1.015,1.03,1.047,1.069,1.077,1.09
Nelson,BC,-117.28,49.48,0.25,0.23,1.003,1.005,1.008,1.015,1.026,1.034,1.031
Ocean Falls,BC,-127.7,52.35,0.44,0.39,1.011,1.037,1.056,1.082,1.087,1.107,1.112
Osoyoos,BC,-119.5,49.03,0.3,0.25,0.994,1.006,1.017,1.034,1.042,1.048,1.046
Parksville,BC,-124.33,49.32,0.4,0.32,1.01,1.019,1.036,1.052,1.081,1.092,1.112
Penticton,BC,-119.58,49.5,0.3,0.24,0.994,1.004,1.004,1.013,1.02,1.02,1.017
Port Alberni,BC,-124.8,49.233,0.24,0.29,1.011,1.017,1.036,1.051,1.08,1.087,1.105
Port Alice ,BC,-127.45,50.38,0.24,0.43,0.999,1.004,1.027,1.038,1.048,1.058,1.063
Port Hardy,BC,-127.42,50.7,0.36,0.35,1.005,1.015,1.041,1.053,1.063,1.074,1.079
Port McNeill,BC,-127.1,50.58,0.36,0.33,1.008,1.019,1.047,1.061,1.075,1.083,1.091
Port Renfrew ,BC,-124.4,48.56,0.42,0.39,1.002,1.004,1.021,1.038,1.054,1.057,1.06
Powell River,BC,-124.52,49.83,0.39,0.36,1.027,1.039,1.065,1.088,1.119,1.138,1.155
Prince George,BC,-122.75,53.92,0.28,0.22,1.002,0.999,1.003,1.01,1.024,1.039,1.04
Prince Rupert,BC,-130.32,54.32,0.43,0.51,1.021,1.041,1.047,1.063,1.072,1.095,1.101
Princeton,BC,-120.51,49.5,0.27,0.24,1.015,1.023,1.032,1.057,1.084,1.096,1.1
Qualicum Beach,BC,-124.45,49.35,0.41,0.32,1.011,1.019,1.037,1.053,1.082,1.094,1.113
Queen Charlotte City,BC,-132.08,53.26,0.5,0.58,1.006,1.009,1.022,1.032,1.041,1.057,1.066
Quesnel,BC,-122.48,52.98,0.24,0.21,1,1.003,1.005,1.011,1.023,1.037,1.038
Revelstoke,BC,-118.2,50.98,0.24,0.35,1.012,1.033,1.065,1.092,1.118,1.125,1.145
Salmon Arm,BC,-119.28,50.7,0.29,0.23,1.01,1.008,1.015,1.028,1.049,1.047,1.051
Sandspit,BC,-131.82,53.25,0.59,0.56,1.006,1.009,1.022,1.032,1.041,1.057,1.066
Sechelt,BC,-123.75,49.47,0.38,0.34,1.02,1.04,1.056,1.08,1.103,1.117,1.134
Sidney,BC,-123.4,48.65,0.34,0.31,0.992,0.994,1.015,1.034,1.045,1.046,1.042
Smith River,BC,-126.43,59.88,0.24,0.25,0.998,1.002,1,1.006,1.002,1.015,1.018
Smithers,BC,-127.167,54.783,0.3,0.22,1.032,1.055,1.093,1.129,1.164,1.201,1.234
Sooke,BC,-123.72,48.38,0.38,0.39,1.004,1.009,1.025,1.056,1.075,1.088,1.086
Squamish,BC,-123.15,49.7,0.38,0.4,1.034,1.06,1.082,1.125,1.159,1.182,1.205
Stewart,BC,-129.98,55.93,0.27,0.6,1.017,1.034,1.044,1.059,1.073,1.107,1.119
Tahsis,BC,-126.65,49.93,0.26,0.4,1.006,1.02,1.046,1.065,1.088,1.101,1.111
Taylor,BC,-120.69,56.2,0.3,0.33,0.995,0.992,0.993,0.989,0.994,0.989,0.99
Terrace,BC,-128.6,54.52,0.27,0.39,1.031,1.067,1.097,1.133,1.157,1.191,1.21
Tofino,BC,-125.88,49.12,0.51,0.47,1.005,1.014,1.037,1.058,1.081,1.091,1.097
Trail,BC,-117.7,49.1,0.26,0.19,0.994,0.995,1.002,1.011,1.019,1.02,1.006
Ucluelet,BC,-125.55,48.93,0.51,0.45,1.003,1.01,1.032,1.054,1.076,1.084,1.089
Burnaby (Simon Fraser Univ.),BC,-122.92,49.28,0.35,0.37,1.005,1.016,1.034,1.069,1.092,1.105,1.113
Cloverdale,BC,-122.733,49.1,0.33,0.3,0.999,1.005,1.023,1.052,1.069,1.077,1.077
Haney,BC,-122.6,49.22,0.33,0.32,1.009,1.021,1.041,1.075,1.097,1.108,1.111
Ladner,BC,-123.08,49.08,0.37,0.35,0.994,0.995,1.01,1.038,1.054,1.063,1.064
Langley,BC,-122.65,49.1,0.33,0.31,1.001,1.008,1.028,1.056,1.073,1.08,1.079
New Westminster,BC,-122.92,49.22,0.33,0.36,1.001,1.009,1.025,1.057,1.077,1.089,1.094
North Vancouver,BC,-123.07,49.32,0.34,0.34,1.01,1.025,1.04,1.07,1.088,1.1,1.109
Richmond,BC,-123.1,49.17,0.36,0.33,1,1.007,1.022,1.05,1.067,1.077,1.081
Surrey (88 Ave & 156 St.),BC,-122.79,49.163,0.33,0.31,1,1.006,1.023,1.054,1.072,1.081,1.083
Vancouver (city hall),BC,-123.12,49.25,0.34,0.32,1.007,1.019,1.034,1.062,1.079,1.09,1.098
Vancouver (Granville & 41 Ave),BC,-123.14,49.234,0.36,0.31,1.004,1.014,1.028,1.056,1.073,1.083,1.089
West Vancouver,BC,-123.17,49.33,0.36,0.33,1.014,1.031,1.046,1.074,1.092,1.103,1.114
Vernon,BC,-119.27,50.3,0.3,0.29,1.001,1.006,1.01,1.022,1.045,1.051,1.058
Victoria,BC,-123.37,48.43,0.46,0.29,0.996,1.001,1.019,1.048,1.065,1.076,1.074
Victoria Gonzales Height,BC,-123.32,48.42,0.46,0.28,0.996,1,1.018,1.047,1.063,1.073,1.071
Victoria Mt Tolmie,BC,-123.33,48.47,0.46,0.32,0.992,0.995,1.016,1.04,1.053,1.058,1.054
Whistler ,BC,-122.96,50.12,0.24,0.52,1.051,1.086,1.129,1.185,1.237,1.266,1.302
White Rock ,BC,-122.8,49.02,0.33,0.31,0.996,1,1.019,1.046,1.062,1.067,1.066
Williams Lake,BC,-122.15,52.133,0.27,0.26,0.999,0.996,1.01,1.014,1.037,1.04,1.043
Youbou,BC,-124.2,48.88,0.26,0.37,1.005,1.008,1.023,1.039,1.055,1.059,1.063
Athabasca,AB,-113.28,54.72,0.27,0.35,0.999,0.981,0.967,0.962,0.967,0.961,0.959
Banff,AB,-115.57,51.17,0.26,0.34,1.006,1.019,1.037,1.044,1.054,1.061,1.078
Barrhead,AB,-114.4,54.13,0.35,0.36,0.995,0.976,0.979,0.983,0.989,0.977,0.978
Beaverlodge,AB,-119.43,55.22,0.27,0.37,1.002,1.004,0.998,0.992,0.996,0.989,0.986
Brooks,AB,-111.88,50.58,0.35,0.32,0.987,0.975,0.981,0.981,0.985,0.98,0.98
Calgary,AB,-114.08,51.05,0.38,0.33,0.994,0.985,0.988,0.997,1,0.997,0.993
Campsie,AB,-114.65,54.13,0.33,0.35,0.997,0.979,0.983,0.984,0.988,0.974,0.976
Camrose,AB,-112.83,53.02,0.31,0.25,1.002,0.991,0.981,0.98,0.984,0.984,0.972
Canmore,AB,-115.35,51.09,0.3,0.35,1.005,1.018,1.032,1.034,1.042,1.046,1.06
Cardston,AB,-113.3,49.2,0.58,0.45,0.999,0.998,1,1.004,1.012,1.013,1.009
Claresholm,AB,-113.58,50.03,0.46,0.44,0.992,0.988,0.99,0.998,1.009,1.012,1.006
Cold Lake,AB,-110.17,54.45,0.29,0.3,0.984,0.972,0.968,0.965,0.962,0.958,0.965
Coleman,AB,-114.5,49.63,0.5,0.33,0.995,0.989,0.99,0.99,0.999,0.997,0.991
Coronation,AB,-111.45,52.08,0.3,0.28,0.996,0.992,0.989,0.984,0.979,0.971,0.973
Cowley,AB,-114.08,49.57,0.81,0.47,0.996,0.991,0.99,0.993,1.001,1,0.994
Drumheller,AB,-112.7,51.47,0.35,0.33,1.003,0.99,0.992,0.992,0.993,0.98,0.976
Edmonton,AB,-113.47,53.55,0.36,0.3,0.998,0.979,0.972,0.979,0.984,0.981,0.967
Edson,AB,-116.43,53.58,0.37,0.24,0.998,0.98,0.979,0.962,0.962,0.951,0.951
Embarras Portage,AB,-111.47,58.45,0.28,0.39,0.993,0.993,0.986,0.973,0.962,0.954,0.954
Fairview,AB,-118.38,56.07,0.26,0.37,0.988,0.98,0.975,0.975,0.977,0.968,0.96
Fort MacLeod,AB,-113.42,49.72,0.54,0.47,0.995,0.993,0.995,1.002,1.012,1.014,1.009
Fort McMurray,AB,-111.38,56.73,0.28,0.32,1.001,0.996,0.998,0.995,1.004,1,0.994
Fort Saskatchewan,AB,-113.22,53.72,0.34,0.32,1,0.981,0.973,0.978,0.98,0.978,0.963
Fort Vermilion,AB,-116,58.4,0.23,0.32,0.992,0.988,0.984,0.977,0.971,0.967,0.962
Grande Prairie,AB,-118.8,55.17,0.32,0.38,0.998,0.991,0.985,0.979,0.984,0.972,0.968
Habay,AB,-118.73,58.83,0.23,0.28,0.996,1,0.996,0.984,0.983,0.983,0.978
Hardisty,AB,-111.3,52.67,0.29,0.27,0.997,0.996,0.99,0.983,0.975,0.974,0.972
High River,AB,-113.87,50.58,0.52,0.3,0.988,0.978,0.979,0.991,0.996,0.997,0.993
Hinton,AB,-117.58,53.4,0.37,0.27,1.003,0.999,1.006,1.007,1.017,1.025,1.026
Jasper,AB,-118.08,52.88,0.26,0.33,1.025,1.044,1.07,1.093,1.127,1.144,1.167
Keg River,AB,-117.62,57.75,0.23,0.18,0.989,0.985,0.989,0.985,0.992,0.991,0.99
Lac la Biche,AB,-111.97,54.77,0.27,0.25,0.989,0.968,0.955,0.947,0.949,0.947,0.949
Lacombe,AB,-113.73,52.47,0.32,0.24,1.005,0.995,0.991,0.991,0.999,0.996,0.991
Lethbridge,AB,-112.82,49.7,0.53,0.41,0.992,0.99,0.99,0.998,1.004,1.001,0.994
Manning,AB,-117.62,56.92,0.23,0.18,0.991,0.991,0.989,0.986,0.991,0.986,0.987
Medicine Hat,AB,-110.67,50.05,0.38,0.32,0.992,0.981,0.989,0.993,1.002,0.986,0.981
Peace River,AB,-117.28,56.23,0.24,0.32,0.99,0.983,0.977,0.978,0.981,0.971,0.964
Pincher Creek,AB,-113.95,49.48,0.77,0.47,0.997,0.992,0.99,0.995,1.001,0.998,0.992
Ranfurly,AB,-111.68,53.42,0.29,0.3,1,0.988,0.981,0.974,0.969,0.97,0.966
Red Deer,AB,-113.8,52.27,0.32,0.25,1.008,0.996,0.994,0.994,1,0.994,0.99
Rocky Mountain House,AB,-114.92,52.37,0.29,0.22,0.999,0.991,0.997,1.001,1.008,0.997,0.991
Slave Lake,AB,-114.77,55.28,0.28,0.35,0.994,0.978,0.964,0.95,0.949,0.937,0.939
Stettler,AB,-112.72,52.32,0.29,0.27,1.006,0.999,0.994,0.99,0.993,0.989,0.986
Stony Plain,AB,-114,53.53,0.36,0.31,0.994,0.974,0.968,0.978,0.984,0.979,0.968
Suffield,AB,-111.17,50.2,0.39,0.33,0.992,0.98,0.985,0.988,0.999,0.987,0.985
Taber,AB,-112.15,49.78,0.5,0.39,0.995,0.988,0.986,0.994,1.002,0.998,0.99
Turner Valley,AB,-114.28,50.67,0.52,0.31,0.995,0.989,0.989,0.996,1.002,1.004,1.002
Valleyview,AB,-117.28,55.07,0.34,0.32,0.99,0.979,0.968,0.96,0.957,0.941,0.936
Vegreville,AB,-112.05,53.5,0.29,0.29,1.001,0.986,0.979,0.975,0.971,0.971,0.963
Vermilion,AB,-110.85,53.37,0.29,0.34,0.999,0.983,0.979,0.969,0.959,0.959,0.957
Wagner,AB,-114.98,55.35,0.28,0.3,0.995,0.976,0.962,0.948,0.946,0.933,0.934
Wainwright,AB,-110.87,52.82,0.29,0.28,0.998,0.99,0.984,0.976,0.966,0.965,0.965
Wetaskiwin,AB,-113.37,52.97,0.31,0.26,1.002,0.992,0.983,0.984,0.992,0.99,0.98
Whitecourt,AB,-115.68,54.15,0.28,0.25,0.999,0.983,0.982,0.969,0.961,0.945,0.943
Wimborne,AB,-113.58,51.87,0.32,0.32,1.006,0.994,0.992,0.994,0.998,0.99,0.983
Assiniboia,SK,-105.98,49.63,0.39,0.33,0.996,0.99,0.989,0.994,1.001,1.001,1.003
Battrum,SK,-108.33,50.55,0.43,0.32,0.992,0.986,0.989,0.993,0.998,0.992,0.992
Biggar,SK,-108,52.07,0.36,0.31,0.991,0.975,0.971,0.967,0.967,0.957,0.954
Broadview,SK,-102.58,50.37,0.36,0.33,0.994,0.993,0.995,0.989,0.996,0.987,0.985
Dafoe,SK,-104.53,51.75,0.29,0.33,0.993,0.983,0.973,0.969,0.968,0.964,0.955
Dundurn,SK,-106.5,51.82,0.36,0.31,0.989,0.974,0.965,0.959,0.966,0.962,0.963
Estevan,SK,-102.98,49.13,0.41,0.34,0.996,0.994,0.987,0.982,0.981,0.982,0.981
Hudson Bay,SK,-102.38,52.85,0.29,0.23,1.001,0.997,1.009,1.008,1.015,1,0.998
Humboldt,SK,-105.12,52.2,0.31,0.32,0.994,0.984,0.973,0.968,0.966,0.966,0.963
Island Falls,SK,-102.35,55.53,0.26,0.3,1.002,1.006,1.007,1.008,1.02,1.025,1.024
Kamsack,SK,-101.9,51.57,0.32,0.28,1.002,0.998,0.999,0.989,0.985,0.978,0.982
Kindersley,SK,-109.17,51.47,0.36,0.34,0.99,0.984,0.981,0.985,0.988,0.979,0.973
Lloydminster,SK,-110,53.28,0.32,0.35,0.997,0.983,0.98,0.969,0.962,0.963,0.958
Maple Creek,SK,-109.48,49.92,0.36,0.34,0.99,0.978,0.986,0.99,0.993,0.975,0.968
Meadow Lake,SK,-108.43,54.13,0.3,0.28,1,0.997,0.995,0.993,0.986,0.982,0.981
Melfort,SK,-104.62,52.87,0.28,0.28,0.998,0.995,0.987,0.989,0.983,0.977,0.97
Melville,SK,-102.8,50.92,0.32,0.31,0.994,0.995,0.993,0.987,0.989,0.98,0.975
Moose Jaw,SK,-105.53,50.4,0.41,0.34,1.002,0.999,0.992,0.989,0.992,0.986,0.985
Nipawin,SK,-104,53.37,0.3,0.27,0.997,0.994,0.991,0.991,0.987,0.978,0.968
North Battleford,SK,-108.28,52.78,0.36,0.34,0.994,0.98,0.976,0.966,0.965,0.96,0.954
Prince Albert,SK,-105.77,53.2,0.3,0.32,1.003,1,0.996,1,0.993,0.994,0.994
Qu'Appelle,SK,-103.88,50.55,0.33,0.33,0.996,0.993,0.986,0.983,0.985,0.973,0.97
Regina,SK,-104.62,50.45,0.39,0.35,1,1,0.993,0.986,0.982,0.972,0.969
Rosetown,SK,-108,51.55,0.39,0.3,0.994,0.985,0.98,0.98,0.983,0.974,0.972
Saskatoon,SK,-106.63,52.12,0.36,0.34,0.989,0.973,0.964,0.958,0.961,0.959,0.962
Scott,SK,-108.83,52.37,0.36,0.28,0.994,0.98,0.981,0.976,0.972,0.962,0.957
Strasbourg,SK,-104.95,51.07,0.33,0.32,0.996,0.99,0.981,0.978,0.979,0.972,0.966
Swift Current,SK,-107.8,50.28,0.43,0.34,0.992,0.986,0.987,0.994,0.996,0.991,0.989
Uranium City,SK,-108.62,59.57,0.27,0.33,1.028,1.027,1.014,1.023,1.026,1.017,1.021
Weyburn,SK,-103.85,49.67,0.38,0.35,0.999,0.999,0.989,0.982,0.979,0.973,0.969
Yorkton,SK,-102.47,51.22,0.32,0.3,0.996,0.994,0.991,0.982,0.98,0.972,0.969
Beausejour,MB,-96.517,50.067,0.32,0.29,1.012,1.019,1.028,1.025,1.035,1.042,1.052
Boissevain,MB,-100.05,49.233,0.41,0.25,0.989,0.994,0.999,1.005,1.005,1.008,1.014
Brandon,MB,-99.95,49.833,0.39,0.32,0.995,0.998,1,1.006,1.01,1.007,1.012
Churchill,MB,-94.12,58.75,0.43,0.47,1.003,1.019,1.026,1.034,1.031,1.026,1.029
Dauphin,MB,-100.05,51.15,0.32,0.32,0.99,0.994,1.004,1.007,1.013,1.012,1.016
Flin Flon,MB,-101.88,54.77,0.28,0.2,1.012,1.018,1.017,1.024,1.043,1.05,1.042
Gimli,MB,-96.99,50.64,0.32,0.3,1.008,1.014,1.009,1.018,1.03,1.047,1.049
Island Lake,MB,-94.667,53.867,0.29,0.23,1.024,1.025,1.037,1.048,1.063,1.065,1.067
Lac du Bonnet,MB,-96.06,50.27,0.29,0.26,1.009,1.015,1.024,1.023,1.031,1.041,1.052
Lynn Lake,MB,-101.05,56.85,0.29,0.24,1.001,1.018,1.024,1.026,1.027,1.022,1.019
Morden,MB,-98.1,49.183,0.41,0.31,0.996,1.001,1.003,1.012,1.017,1.025,1.024
Neepawa,MB,-99.467,50.233,0.35,0.28,0.994,0.999,1,1.017,1.025,1.027,1.032
Pine Falls,MB,-96.217,50.567,0.31,0.25,1.005,1.011,1.018,1.016,1.021,1.03,1.037
Portage la Prairie,MB,-98.29,50,0.36,0.33,0.998,1,0.999,1.014,1.024,1.035,1.035
Rivers,MB,-100.233,50.033,0.36,0.26,0.991,0.989,0.987,0.991,0.996,0.992,0.997
Sandilands,MB,-96.3,49.36,0.32,0.27,1.01,1.009,1.022,1.019,1.035,1.037,1.054
Selkirk,MB,-96.867,50.15,0.32,0.32,1.012,1.021,1.027,1.027,1.039,1.048,1.056
Split Lake,MB,-96.1,56.25,0.31,0.28,1.011,1.025,1.032,1.047,1.058,1.053,1.058
Steinbach,MB,-96.683,49.533,0.32,0.32,1.009,1.014,1.023,1.017,1.032,1.037,1.049
Swan River,MB,-101.27,52.14,0.28,0.23,1.002,0.994,1.003,1.001,1.008,1.002,1.003
The Pas,MB,-101.25,53.87,0.29,0.29,0.998,0.995,1.005,1.007,1.016,1.009,1.006
Thompson,MB,-97.86,55.79,0.28,0.22,1.008,1.023,1.03,1.048,1.053,1.056,1.063
Virden,MB,-100.93,49.86,0.36,0.32,0.995,0.996,0.997,0.996,0.999,0.998,1
Winnipeg,MB,-97.15,49.89,0.36,0.34,1.008,1.015,1.017,1.016,1.03,1.04,1.047
Ailsa Craig,ON,-81.55,43.13,0.37,0.32,1.019,1.031,1.034,1.051,1.076,1.096,1.115
Ajax,ON,-79.03,43.85,0.37,0.32,1.005,1.007,1.018,1.037,1.067,1.075,1.088
Alexandria,ON,-74.63,45.32,0.31,0.28,0.998,1.005,0.999,0.993,0.988,0.995,0.989
Alliston,ON,-79.87,44.15,0.28,0.36,1.008,1.011,1.022,1.032,1.056,1.07,1.076
Almonte,ON,-76.2,45.23,0.32,0.24,1.013,1.029,1.025,1.03,1.023,1.025,1.024
Armstrong,ON,-89.03,50.3,0.22,0.23,0.999,1.02,1.037,1.049,1.049,1.062,1.062
Arnprior,ON,-76.35,45.43,0.29,0.26,1.006,1.015,1.011,1.017,1.009,1.007,1.006
Atikokan,ON,-91.62,48.75,0.22,0.24,0.999,1.011,1.021,1.039,1.057,1.068,1.07
Attawapiskat,ON,-82.43,52.93,0.3,0.23,0.999,1,1.011,1.019,1.024,1.038,1.052
Aurora,ON,-79.47,44,0.34,0.33,1.008,1.012,1.02,1.033,1.056,1.069,1.077
Bancroft,ON,-77.85,45.05,0.25,0.22,1.013,1.026,1.03,1.03,1.031,1.032,1.037
Barrie,ON,-79.67,44.4,0.28,0.33,1.009,1.012,1.027,1.036,1.058,1.069,1.071
Barriefield,ON,-76.47,44.23,0.37,0.37,0.996,0.994,1.006,1.023,1.036,1.042,1.05
Beaverton,ON,-79.15,44.43,0.28,0.28,1.012,1.02,1.031,1.04,1.057,1.061,1.07
Belleville,ON,-77.383,44.167,0.34,0.34,1.01,1.009,1.02,1.028,1.042,1.04,1.047
Belmont,ON,-81.08,42.88,0.37,0.32,1.016,1.029,1.036,1.054,1.077,1.092,1.11
Bowmanville,ON,-78.68,43.91,0.31,0.3,1.007,1.008,1.02,1.037,1.062,1.065,1.077
Bracebridge,ON,-79.3,45.03,0.28,0.22,1.008,1.024,1.03,1.032,1.031,1.035,1.046
Bradford,ON,-79.57,44.12,0.27,0.33,1.009,1.013,1.023,1.034,1.056,1.069,1.074
Brampton,ON,-79.77,43.68,0.28,0.33,1.008,1.012,1.02,1.034,1.057,1.07,1.081
Brantford,ON,-80.27,43.13,0.34,0.34,1.013,1.019,1.027,1.041,1.065,1.079,1.096
Brighton,ON,-77.73,44.03,0.33,0.38,1.012,1.008,1.02,1.029,1.047,1.042,1.051
Brockville,ON,-75.68,44.59,0.37,0.21,1.017,1.019,1.009,1.004,0.998,1.009,1.008
Burk's Falls,ON,-79.4,45.62,0.34,0.22,1.009,1.02,1.021,1.031,1.022,1.031,1.035
Burlington,ON,-79.8,43.32,0.27,0.29,1.013,1.015,1.022,1.035,1.054,1.064,1.075
Cambridge,ON,-80.32,43.38,0.36,0.31,1.012,1.021,1.029,1.041,1.064,1.079,1.096
Campbellford,ON,-77.8,44.3,0.28,0.33,1.008,1.009,1.015,1.017,1.027,1.024,1.028
Cannington,ON,-79.03,44.35,0.32,0.27,1.011,1.018,1.027,1.036,1.052,1.058,1.068
Carleton Place,ON,-76.15,45.13,0.28,0.23,1.015,1.032,1.03,1.034,1.029,1.032,1.033
Cavan,ON,-78.47,44.2,0.32,0.26,1.006,1.007,1.021,1.036,1.059,1.06,1.07
Centralia,ON,-81.47,43.28,0.34,0.31,1.019,1.031,1.035,1.051,1.075,1.095,1.112
CFB Borden,ON,-79.88,44.27,0.37,0.36,1.009,1.011,1.025,1.034,1.059,1.072,1.076
Chapleau,ON,-83.4,47.83,0.23,0.29,1.015,1.023,1.022,1.039,1.058,1.075,1.079
Chatham,ON,-82.18,42.4,0.34,0.34,1.009,1.022,1.034,1.061,1.09,1.103,1.128
Chesley,ON,-81.08,44.28,0.35,0.35,1.012,1.025,1.026,1.036,1.058,1.069,1.077
Clinton,ON,-81.53,43.62,0.36,0.29,1.017,1.027,1.03,1.046,1.076,1.092,1.102
Coboconk,ON,-78.8,44.65,0.27,0.21,1.008,1.018,1.026,1.025,1.031,1.034,1.04
Cobourg,ON,-78.17,43.97,0.38,0.32,1.011,1.008,1.022,1.033,1.054,1.05,1.06
Cochrane,ON,-81.02,49.07,0.27,0.23,1.01,1.023,1.028,1.034,1.045,1.057,1.067
Colborne,ON,-77.88,44,0.38,0.4,1.012,1.007,1.02,1.028,1.047,1.042,1.052
Collingwood,ON,-80.22,44.48,0.3,0.37,1,0.999,1,1.005,1.02,1.028,1.033
Cornwall,ON,-74.73,45.03,0.32,0.22,1.008,1.012,1.012,1.007,1.002,1.011,1.002
Corunna,ON,-82.43,42.88,0.37,0.32,1.011,1.019,1.019,1.039,1.061,1.082,1.095
Deep River,ON,-77.5,46.1,0.27,0.19,1.014,1.022,1.03,1.044,1.051,1.05,1.048
Deseronto,ON,-77.05,44.2,0.34,0.29,1.006,1.006,1.015,1.025,1.036,1.037,1.042
Dorchester,ON,-81.07,42.98,0.37,0.32,1.017,1.03,1.036,1.053,1.075,1.09,1.108
Dorion,ON,-88.53,48.78,0.29,0.25,1.005,1.027,1.045,1.053,1.061,1.073,1.09
Dresden,ON,-82.18,42.58,0.34,0.33,1.011,1.021,1.027,1.052,1.079,1.096,1.12
Dryden,ON,-92.75,49.78,0.22,0.26,1.004,1.008,1.019,1.033,1.05,1.065,1.077
Dundalk,ON,-80.394,44.17,0.33,0.38,1.004,1.006,1.01,1.019,1.043,1.057,1.066
Dunnville,ON,-79.62,42.9,0.36,0.3,1.019,1.016,1.023,1.035,1.05,1.056,1.063
Durham,ON,-80.82,44.17,0.34,0.36,1.013,1.022,1.025,1.035,1.063,1.077,1.082
Dutton,ON,-81.5,42.67,0.37,0.32,1.012,1.026,1.036,1.058,1.084,1.099,1.12
Earlton,ON,-79.82,47.72,0.35,0.23,1.006,1.009,1.011,1.019,1.02,1.029,1.033
Edison,ON,-93.55,49.8,0.23,0.19,1.014,1.019,1.034,1.042,1.06,1.073,1.087
Elliot Lake ,ON,-82.657,46.381,0.3,0.28,1.019,1.031,1.039,1.045,1.062,1.085,1.099
Elmvale,ON,-79.87,44.58,0.28,0.32,1.006,1.011,1.019,1.025,1.038,1.042,1.047
Embro,ON,-80.9,43.15,0.37,0.32,1.019,1.031,1.038,1.051,1.075,1.092,1.112
Englehart,ON,-79.87,47.82,0.32,0.23,1.009,1.016,1.017,1.025,1.028,1.037,1.04
Espanola,ON,-81.77,46.25,0.33,0.26,1.021,1.026,1.029,1.035,1.058,1.077,1.09
Exeter,ON,-81.48,43.35,0.37,0.31,1.019,1.031,1.035,1.051,1.075,1.095,1.111
Fenelon Falls,ON,-78.75,44.53,0.28,0.24,1.01,1.019,1.026,1.028,1.038,1.043,1.05
Fergus,ON,-80.37,43.7,0.28,0.36,1.008,1.014,1.022,1.032,1.054,1.073,1.084
Forest,ON,-82,43.1,0.37,0.33,1.014,1.022,1.023,1.043,1.069,1.09,1.103
Fort Erie,ON,-78.93,42.9,0.36,0.23,1.024,1.023,1.024,1.027,1.035,1.036,1.037
Fort Erie (Ridgeway),ON,-79.05,42.88,0.36,0.25,1.024,1.022,1.025,1.031,1.04,1.041,1.044
Fort Frances,ON,-93.39,48.61,0.23,0.27,0.998,0.999,1.014,1.031,1.051,1.063,1.07
Gananoque,ON,-76.17,44.33,0.37,0.3,1.008,1.007,1.007,1.013,1.017,1.025,1.029
Geraldton,ON,-86.95,49.73,0.22,0.25,1.006,1.025,1.044,1.055,1.059,1.059,1.072
Glencoe,ON,-81.72,42.75,0.34,0.33,1.014,1.026,1.033,1.056,1.083,1.101,1.122
Goderich,ON,-81.72,43.75,0.37,0.26,1.015,1.024,1.027,1.043,1.075,1.091,1.098
Gore Bay,ON,-82.47,45.92,0.34,0.3,1.013,1.027,1.034,1.041,1.058,1.078,1.094
Graham,ON,-90.57,49.25,0.22,0.32,0.997,1.01,1.02,1.045,1.059,1.074,1.072
Gravenhurst (Muskoka Airport),ON,-79.37,44.92,0.28,0.24,1.01,1.025,1.035,1.038,1.042,1.043,1.052
Grimsby,ON,-79.57,43.2,0.36,0.31,1.017,1.016,1.023,1.035,1.051,1.058,1.065
Guelph,ON,-80.25,43.55,0.28,0.33,1.009,1.015,1.023,1.035,1.056,1.073,1.086
Guthrie,ON,-79.55,44.47,0.28,0.31,1.011,1.017,1.032,1.04,1.06,1.068,1.072
Haileybury,ON,-79.63,47.45,0.34,0.24,1.003,1.005,1.005,1.015,1.013,1.021,1.027
Haldimand (Caledonia),ON,-79.93,43.07,0.34,0.34,1.012,1.013,1.021,1.035,1.056,1.067,1.079
Haldimand (Hagersville),ON,-80.05,42.97,0.36,0.32,1.01,1.013,1.021,1.036,1.058,1.07,1.085
Haliburton,ON,-78.52,45.05,0.27,0.2,1.013,1.027,1.027,1.024,1.021,1.023,1.033
Halton Hills (Georgetown),ON,-79.92,43.65,0.29,0.33,1.009,1.013,1.021,1.034,1.055,1.069,1.08
Hamilton,ON,-79.86,43.25,0.36,0.3,1.012,1.014,1.022,1.035,1.056,1.067,1.078
Hanover,ON,-81.03,44.15,0.34,0.36,1.017,1.029,1.031,1.043,1.072,1.087,1.089
Hastings,ON,-77.95,44.3,0.32,0.32,1.01,1.012,1.019,1.022,1.034,1.032,1.038
Hawkesbury,ON,-74.62,45.6,0.32,0.23,1.006,1.02,1.01,1.01,1.002,1.013,1.007
Hearst,ON,-83.67,49.68,0.23,0.16,1.019,1.031,1.038,1.04,1.047,1.058,1.065
Honey Harbour,ON,-79.82,44.87,0.3,0.28,1.011,1.022,1.034,1.038,1.047,1.047,1.054
Hornepayne,ON,-84.78,49.22,0.22,0.23,1.024,1.043,1.054,1.054,1.063,1.069,1.083
Huntsville,ON,-79.22,45.33,0.27,0.2,1.006,1.021,1.021,1.026,1.017,1.025,1.036
Ingersoll,ON,-80.88,43.03,0.37,0.32,1.017,1.029,1.036,1.051,1.072,1.088,1.106
Iroquois Falls,ON,-80.68,48.77,0.29,0.24,1.019,1.021,1.027,1.031,1.051,1.062,1.069
Jellicoe,ON,-87.52,49.68,0.22,0.28,1.007,1.024,1.042,1.049,1.054,1.058,1.068
Kapuskasing,ON,-82.43,49.42,0.24,0.24,1.022,1.046,1.046,1.051,1.054,1.071,1.079
Kemptville,ON,-75.64,45.02,0.32,0.29,1,1.003,1,0.997,0.993,0.997,0.994
Kenora,ON,-94.43,49.82,0.23,0.25,1.019,1.021,1.035,1.044,1.061,1.075,1.08
Killaloe,ON,-77.42,45.55,0.27,0.22,1.006,1.017,1.023,1.03,1.032,1.031,1.031
Kincardine,ON,-81.63,44.18,0.37,0.35,1.019,1.036,1.038,1.053,1.077,1.088,1.099
Kingston,ON,-76.48,44.23,0.37,0.37,0.996,0.994,1.006,1.023,1.036,1.042,1.05
Kinmount,ON,-78.65,44.78,0.27,0.22,1.01,1.023,1.027,1.023,1.025,1.028,1.036
Kirkland Lake,ON,-80.03,48.15,0.3,0.25,1.02,1.025,1.029,1.035,1.046,1.052,1.054
Kitchener,ON,-80.48,43.45,0.29,0.33,1.011,1.02,1.028,1.039,1.062,1.079,1.095
Kitchenuhmaykoosib,ON,-90,53.83,0.3,0.29,1.012,1.025,1.045,1.05,1.056,1.056,1.058
Lakefield,ON,-78.27,44.43,0.24,0.28,1.01,1.018,1.023,1.029,1.043,1.046,1.054
Lansdowne House,ON,-87.88,52.23,0.37,0.22,0.999,1.017,1.03,1.048,1.046,1.057,1.061
Leamington,ON,-82.57,42.08,0.3,0.33,1.011,1.023,1.029,1.057,1.084,1.095,1.118
Lindsay,ON,-78.73,44.35,0.37,0.27,1.012,1.019,1.026,1.035,1.051,1.058,1.067
Lion's Head,ON,-81.25,44.98,0.34,0.32,1.003,1.015,1.017,1.02,1.032,1.039,1.055
Listowel,ON,-80.95,43.73,0.37,0.35,1.013,1.02,1.023,1.036,1.062,1.082,1.092
London,ON,-81.23,42.98,0.37,0.31,1.018,1.032,1.038,1.056,1.081,1.098,1.117
Lucan,ON,-81.4,43.18,0.34,0.32,1.019,1.031,1.034,1.051,1.075,1.095,1.113
Maitland,ON,-75.62,44.63,0.32,0.21,1.017,1.019,1.01,1.005,1,1.01,1.008
Markdale,ON,-80.65,44.32,0.34,0.35,1.004,1.011,1.014,1.02,1.039,1.05,1.062
Markham,ON,-79.27,43.87,0.22,0.33,1.005,1.008,1.017,1.036,1.066,1.077,1.09
Martin,ON,-91.13,49.25,0.3,0.3,0.999,1.018,1.027,1.053,1.07,1.085,1.087
Matheson,ON,-80.47,48.53,0.25,0.28,1.017,1.019,1.026,1.033,1.051,1.062,1.067
Mattawa,ON,-78.7,46.32,0.3,0.21,1.013,1.023,1.018,1.035,1.029,1.045,1.046
Midland,ON,-79.88,44.75,0.34,0.29,1.009,1.018,1.028,1.034,1.044,1.046,1.051
Milton,ON,-79.88,43.52,0.34,0.31,1.01,1.014,1.022,1.036,1.057,1.07,1.083
Milverton,ON,-80.92,43.57,0.27,0.34,1.013,1.022,1.025,1.038,1.063,1.083,1.096
Minden,ON,-78.73,44.92,0.34,0.21,1.011,1.023,1.027,1.022,1.021,1.023,1.033
Mississauga,ON,-79.65,43.58,0.34,0.33,1.01,1.013,1.022,1.036,1.059,1.069,1.083
Mississauga Port Credit,ON,-79.58,43.55,0.37,0.34,1.01,1.013,1.022,1.036,1.059,1.068,1.081
Mitchell,ON,-81.2,43.47,0.35,0.32,1.018,1.028,1.03,1.045,1.07,1.09,1.104
Moosonee,ON,-80.72,51.32,0.26,0.24,1.029,1.045,1.051,1.053,1.07,1.073,1.077
Morrisburg,ON,-75.18,44.9,0.32,0.21,1.011,1.016,1.013,1.009,1.005,1.015,1.01
Mount Forest,ON,-80.73,43.98,0.32,0.36,1.012,1.019,1.024,1.035,1.063,1.08,1.086
Nakina,ON,-86.7,50.17,0.22,0.2,1.005,1.026,1.04,1.055,1.059,1.06,1.064
Nanticoke (Jarvis),ON,-80.1,42.88,0.37,0.3,1.012,1.015,1.022,1.037,1.058,1.069,1.084
Nanticoke (Port Dover),ON,-80.2,42.78,0.37,0.3,1.012,1.015,1.023,1.038,1.059,1.07,1.085
Napanee,ON,-76.95,44.25,0.34,0.3,1.004,1.005,1.015,1.026,1.037,1.039,1.045
New Liskeard,ON,-79.67,47.5,0.34,0.25,1.003,1.004,1.005,1.014,1.011,1.019,1.025
Newcastle,ON,-78.58,43.92,0.37,0.29,1.008,1.008,1.022,1.036,1.059,1.059,1.069
Newmarket,ON,-79.47,44.05,0.37,0.33,1.009,1.013,1.021,1.033,1.055,1.068,1.076
Niagara Falls,ON,-79.07,43.1,0.3,0.3,1.021,1.018,1.026,1.035,1.047,1.047,1.053
North Bay,ON,-79.47,46.32,0.34,0.23,1.015,1.024,1.019,1.031,1.028,1.047,1.057
Norwood,ON,-77.98,44.38,0.27,0.31,1.01,1.014,1.019,1.022,1.032,1.032,1.037
Oakville,ON,-79.68,43.45,0.32,0.31,1.012,1.015,1.024,1.036,1.055,1.064,1.076
Orangeville,ON,-80.1,43.92,0.37,0.37,1.007,1.011,1.018,1.029,1.052,1.069,1.077
Orillia,ON,-79.42,44.62,0.28,0.28,1.012,1.022,1.036,1.043,1.056,1.059,1.065
Oshawa,ON,-78.85,43.9,0.28,0.31,1.007,1.008,1.02,1.037,1.063,1.067,1.079
Ottawa (Barrhaven),ON,-75.76,45.28,0.37,0.27,1.009,1.02,1.013,1.017,1.01,1.014,1.014
Ottawa (city hall),ON,-75.69,45.42,0.32,0.29,1.007,1.017,1.007,1.012,1.001,1.005,1
Ottawa (Kanata),ON,-75.91,45.31,0.32,0.26,1.01,1.023,1.016,1.02,1.012,1.015,1.013
Ottawa (M-C Int'l Airport),ON,-75.67,45.32,0.32,0.28,1.008,1.017,1.01,1.014,1.006,1.011,1.01
Ottawa (Orleans),ON,-75.52,45.48,0.32,0.31,1.004,1.01,1.002,1.006,0.996,1.001,0.999
Owen Sound,ON,-80.93,44.57,0.32,0.3,1.002,1.013,1.013,1.017,1.028,1.033,1.048
Pagwa River,ON,-85.22,50.02,0.34,0.22,1.008,1.028,1.047,1.056,1.058,1.061,1.071
Paris,ON,-80.38,43.2,0.22,0.32,1.014,1.023,1.031,1.044,1.068,1.083,1.102
Parkhill,ON,-81.68,43.15,0.33,0.32,1.017,1.027,1.028,1.047,1.073,1.095,1.112
Parry Sound,ON,-80.03,45.35,0.37,0.31,1.012,1.023,1.032,1.031,1.038,1.037,1.05
Pelham (Fonthill),ON,-79.28,43.03,0.3,0.32,1.021,1.017,1.025,1.035,1.048,1.05,1.055
Pembroke,ON,-77.12,45.82,0.33,0.25,1.001,1,1.009,1.017,1.019,1.019,1.017
Penetanguishene,ON,-79.92,44.78,0.27,0.29,1.01,1.019,1.03,1.035,1.045,1.046,1.052
Perth,ON,-76.25,44.9,0.3,0.21,1.017,1.036,1.032,1.032,1.027,1.034,1.036
Petawawa,ON,-77.33,45.9,0.32,0.23,1.005,1.006,1.015,1.025,1.029,1.029,1.026
Peterborough,ON,-78.32,44.3,0.27,0.28,1.008,1.012,1.022,1.032,1.05,1.052,1.061
Petrolia,ON,-82.15,42.87,0.32,0.34,1.014,1.021,1.021,1.043,1.068,1.09,1.108
Pickering (Dunbarton),ON,-79.1,43.82,0.37,0.32,1.005,1.007,1.018,1.037,1.068,1.077,1.091
Picton,ON,-77.13,44,0.37,0.28,1.008,1.008,1.016,1.025,1.035,1.036,1.04
Plattsville,ON,-80.62,43.3,0.38,0.33,1.015,1.026,1.034,1.045,1.069,1.087,1.106
Point Alexander,ON,-77.57,46.13,0.33,0.19,1.014,1.022,1.03,1.045,1.051,1.051,1.05
Port Burwell,ON,-80.82,42.65,0.27,0.31,1.012,1.022,1.031,1.047,1.066,1.077,1.093
Port Colborne,ON,-79.23,42.9,0.37,0.28,1.023,1.02,1.025,1.033,1.045,1.046,1.05
Port Elgin,ON,-81.4,44.43,0.36,0.37,1.015,1.03,1.033,1.045,1.065,1.076,1.087
Port Hope,ON,-78.3,43.95,0.37,0.29,1.01,1.008,1.022,1.034,1.055,1.052,1.062
Port Perry,ON,-78.95,44.1,0.37,0.3,1.008,1.011,1.022,1.038,1.064,1.07,1.082
Port Stanley,ON,-81.22,42.67,0.34,0.31,1.012,1.024,1.034,1.054,1.076,1.088,1.108
Prescott,ON,-75.52,44.72,0.37,0.22,1.013,1.016,1.009,1.005,1,1.009,1.006
Princeton,ON,-80.53,43.17,0.34,0.33,1.016,1.026,1.034,1.047,1.072,1.087,1.108
Raith,ON,-89.93,48.83,0.33,0.3,1.005,1.014,1.022,1.036,1.042,1.06,1.057
Rayside-Balfour (Chelmsford),ON,-81.2,46.58,0.22,0.26,1.024,1.022,1.018,1.026,1.051,1.07,1.077
Red Lake,ON,-93.82,51.05,0.35,0.22,1.002,1.02,1.032,1.04,1.051,1.061,1.066
Renfrew,ON,-76.68,45.47,0.22,0.25,1.001,1.009,1.008,1.013,1.006,1.005,1.009
Richmond Hill,ON,-79.45,43.87,0.27,0.33,1.006,1.009,1.017,1.034,1.06,1.073,1.083
Rockland,ON,-75.29,45.55,0.34,0.28,1.005,1.015,1.007,1.011,1.003,1.008,1.006
Sarnia,ON,-82.38,42.97,0.31,0.32,1.011,1.019,1.019,1.039,1.059,1.081,1.09
Sault Ste. Marie,ON,-84.33,46.52,0.37,0.31,1.015,1.021,1.015,1.017,1.041,1.053,1.061
Schreiber,ON,-87.25,48.8,0.33,0.27,1.005,1.029,1.051,1.065,1.069,1.084,1.106
Seaforth,ON,-81.4,43.55,0.29,0.3,1.017,1.028,1.03,1.046,1.073,1.091,1.103
Shelburne,ON,-80.204,44.076,0.35,0.39,1.007,1.008,1.016,1.026,1.054,1.07,1.078
Simcoe,ON,-80.3,42.83,0.31,0.32,1.012,1.018,1.026,1.042,1.062,1.073,1.088
Sioux Lookout,ON,-91.98,50.07,0.35,0.24,1.013,1.016,1.025,1.043,1.056,1.07,1.078
Smiths Falls,ON,-76.02,44.9,0.22,0.22,1.016,1.028,1.023,1.024,1.019,1.025,1.025
Smithville,ON,-79.55,43.1,0.32,0.32,1.019,1.016,1.023,1.035,1.05,1.056,1.061
Smooth Rock Falls,ON,-81.63,49.28,0.33,0.24,1.014,1.031,1.034,1.037,1.046,1.061,1.07
South River,ON,-79.38,45.83,0.25,0.21,1.01,1.017,1.014,1.026,1.018,1.033,1.039
Southampton,ON,-81.38,44.48,0.27,0.38,1.015,1.03,1.033,1.045,1.065,1.076,1.087
St. Catharines,ON,-79.25,43.17,0.37,0.32,1.02,1.017,1.025,1.036,1.049,1.051,1.058
St. Mary's,ON,-81.13,43.25,0.36,0.32,1.021,1.034,1.038,1.053,1.076,1.096,1.114
St. Thomas,ON,-81.2,42.78,0.37,0.31,1.014,1.028,1.036,1.057,1.081,1.096,1.116
Stirling,ON,-77.55,44.3,0.37,0.33,1.008,1.009,1.017,1.022,1.033,1.03,1.035
Stratford,ON,-80.95,43.37,0.31,0.33,1.017,1.028,1.034,1.047,1.07,1.089,1.106
Strathroy,ON,-81.63,42.95,0.35,0.33,1.017,1.028,1.031,1.051,1.077,1.097,1.116
Sturgeon Falls,ON,-79.92,46.37,0.37,0.22,1.015,1.02,1.013,1.027,1.028,1.049,1.058
Sudbury,ON,-81,46.5,0.27,0.38,1.02,1.029,1.03,1.043,1.067,1.086,1.095
Sundridge,ON,-79.4,45.77,0.36,0.21,1.009,1.017,1.015,1.027,1.018,1.032,1.037
Tavistock,ON,-80.83,43.32,0.27,0.33,1.016,1.027,1.034,1.047,1.07,1.088,1.106
Temagami,ON,-79.78,47.07,0.35,0.21,1.002,0.998,0.995,1.014,1.028,1.04,1.041
Thamesford,ON,-81,43.07,0.29,0.32,1.018,1.031,1.037,1.052,1.073,1.09,1.109
Thedford,ON,-81.85,43.15,0.37,0.33,1.015,1.023,1.024,1.044,1.072,1.093,1.109
Thunder Bay,ON,-89.32,48.4,0.37,0.26,1.006,1.015,1.028,1.041,1.057,1.072,1.082
Tillsonburg,ON,-80.73,42.85,0.29,0.32,1.014,1.025,1.034,1.049,1.07,1.082,1.1
Timmins,ON,-81.33,48.47,0.34,0.23,1.02,1.022,1.021,1.026,1.043,1.06,1.069
Timmins (Porcupine),ON,-81.17,48.5,0.27,0.24,1.02,1.022,1.021,1.027,1.045,1.062,1.071
Etobicoke,ON,-79.57,43.7,0.29,0.35,1.007,1.011,1.02,1.036,1.062,1.074,1.087
North York,ON,-79.42,43.77,0.34,0.34,1.006,1.009,1.018,1.036,1.065,1.076,1.089
Scarborough,ON,-79.25,43.78,0.34,0.33,1.006,1.008,1.018,1.037,1.067,1.077,1.091
Toronto (city hall),ON,-79.38,43.65,0.37,0.35,1.009,1.011,1.021,1.037,1.063,1.071,1.085
Toronto (LBP Int'l Airport),ON,-79.61,43.68,0.34,0.35,1.007,1.011,1.02,1.036,1.062,1.074,1.087
Trenton,ON,-77.58,44.1,0.37,0.35,1.011,1.008,1.02,1.028,1.044,1.041,1.049
Trout Creek,ON,-79.37,45.98,0.27,0.22,1.013,1.02,1.015,1.028,1.02,1.039,1.045
Uxbridge,ON,-79.12,44.1,0.33,0.3,1.01,1.014,1.024,1.038,1.062,1.07,1.082
Vaughan (Woodbridge),ON,-79.6,43.78,0.34,0.34,1.007,1.01,1.019,1.034,1.058,1.071,1.082
Vittoria,ON,-80.32,42.77,0.37,0.3,1.013,1.019,1.027,1.042,1.062,1.072,1.088
Walkerton,ON,-81.15,44.12,0.36,0.35,1.017,1.03,1.032,1.045,1.073,1.088,1.093
Wallaceburg,ON,-82.38,42.6,0.35,0.32,1.012,1.02,1.021,1.046,1.072,1.09,1.113
Waterloo,ON,-80.52,43.47,0.29,0.33,1.011,1.02,1.028,1.039,1.061,1.08,1.095
Watford,ON,-81.88,42.95,0.37,0.34,1.016,1.024,1.025,1.045,1.071,1.094,1.112
Wawa,ON,-84.78,47.98,0.3,0.28,1.012,1.023,1.017,1.024,1.044,1.053,1.065
Welland,ON,-79.25,42.98,0.34,0.3,1.022,1.018,1.024,1.033,1.045,1.047,1.051
West Lorne,ON,-81.6,42.6,0.37,0.32,1.011,1.024,1.035,1.059,1.085,1.099,1.121
Whitby,ON,-78.93,43.87,0.37,0.31,1.007,1.008,1.02,1.037,1.064,1.069,1.082
Whitby (Brooklin),ON,-78.95,43.95,0.35,0.32,1.005,1.007,1.018,1.037,1.067,1.074,1.087
White River,ON,-85.28,48.6,0.22,0.24,1.015,1.024,1.028,1.037,1.057,1.071,1.087
Wiarton,ON,-81.15,44.75,0.34,0.3,1.004,1.015,1.017,1.021,1.033,1.04,1.056
Windsor,ON,-83.02,42.3,0.37,0.31,1.01,1.015,1.012,1.041,1.068,1.085,1.106
Wingham,ON,-81.32,43.88,0.36,0.33,1.016,1.026,1.027,1.042,1.069,1.086,1.096
Woodstock,ON,-80.75,43.13,0.34,0.32,1.018,1.03,1.037,1.05,1.075,1.091,1.112
Wyoming,ON,-82.12,42.95,0.37,0.34,1.013,1.022,1.022,1.042,1.067,1.089,1.104
Acton-Vale,QC,-72.57,45.65,0.27,0.27,1.002,1.011,1.016,1.017,1.018,1.024,1.022
Alma,QC,-71.65,48.55,0.27,0.35,1.008,1.014,1.022,1.032,1.043,1.05,1.053
Amos,QC,-78.12,48.57,0.25,0.24,1.014,1.016,1.021,1.03,1.036,1.041,1.045
Asbestos,QC,-71.93,45.77,0.27,0.23,1.009,1.02,1.022,1.024,1.021,1.023,1.025
Aylmer,QC,-75.83,45.4,0.32,0.27,1.009,1.02,1.012,1.017,1.006,1.008,1.004
Baie-Comeau,QC,-68.15,49.22,0.39,0.32,1.015,1.012,1.02,1.027,1.031,1.033,1.042
Baie-Saint-Paul,QC,-70.51,47.44,0.37,0.36,1.009,1.011,1.022,1.038,1.041,1.041,1.035
Beauport,QC,-71.18,46.87,0.33,0.35,1.004,1.017,1.023,1.039,1.04,1.045,1.042
Bedford,QC,-72.98,45.12,0.29,0.23,1.001,0.998,1,1.007,1.009,1.008,1.003
Beloeil,QC,-73.2,45.57,0.29,0.34,1,1.013,1.019,1.021,1.026,1.034,1.033
Brome,QC,-72.57,45.2,0.29,0.22,1.004,1.011,1.018,1.019,1.021,1.024,1.022
Brossard,QC,-73.47,45.45,0.34,0.34,1,1.012,1.019,1.021,1.026,1.033,1.032
Buckingham,QC,-75.42,45.58,0.31,0.28,1.005,1.014,1.009,1.014,1.007,1.01,1.008
Campbell's Bay,QC,-76.6,45.73,0.25,0.28,1.001,1.002,1.001,1.009,1.002,0.998,0.999
Chambly,QC,-73.28,45.45,0.31,0.33,1,1.011,1.017,1.019,1.023,1.029,1.028
Coaticook,QC,-71.8,45.13,0.27,0.19,1.006,1.023,1.026,1.028,1.028,1.032,1.031
Contrecoeur,QC,-73.23,45.85,0.34,0.35,1.003,1.022,1.025,1.031,1.033,1.041,1.041
Cowansville,QC,-72.75,45.2,0.29,0.23,1.004,1.008,1.013,1.013,1.015,1.017,1.015
Deux-Montagnes,QC,-73.88,45.53,0.29,0.29,1,1.013,1.014,1.012,1.012,1.021,1.019
Dolbeau,QC,-72.23,48.88,0.27,0.36,1.008,1.008,1.015,1.03,1.048,1.056,1.058
Drummondville,QC,-72.48,45.88,0.27,0.31,1.003,1.014,1.013,1.017,1.016,1.024,1.026
Farnham,QC,-72.98,45.28,0.29,0.25,1.002,1.003,1.007,1.011,1.012,1.012,1.008
Fort-Coulonge,QC,-76.73,45.85,0.25,0.25,1.005,1.008,1.011,1.019,1.017,1.015,1.016
Gagnon,QC,-68.17,51.93,0.3,0.26,1.025,1.042,1.057,1.074,1.076,1.084,1.087
Gaspé,QC,-64.48,48.83,0.37,0.34,1.019,1.026,1.047,1.073,1.089,1.093,1.096
Gatineau,QC,-75.65,45.5,0.32,0.3,1.005,1.013,1.004,1.009,0.998,1.001,0.997
Gracefield,QC,-76.05,46.1,0.25,0.2,1.01,1.019,1.034,1.046,1.046,1.043,1.047
Granby,QC,-72.73,45.4,0.27,0.23,1.004,1.008,1.014,1.014,1.013,1.012,1.01
Harrington-Harbour,QC,-59.48,50.5,0.56,0.61,1.023,1.036,1.061,1.08,1.104,1.109,1.134
Havre-St-Pierre,QC,-63.6,50.23,0.49,0.36,1.026,1.037,1.046,1.074,1.086,1.094,1.105
Hemmingford,QC,-73.58,45.05,0.31,0.22,1.002,1.004,1.006,1,0.999,1.009,1.003
Hull,QC,-75.73,45.43,0.32,0.29,1.007,1.017,1.007,1.012,1.001,1.005,1
Iberville,QC,-73.23,45.35,0.32,0.31,1,1.008,1.013,1.017,1.021,1.025,1.023
Inukjuak,QC,-78.1,58.48,0.37,0.38,1.026,1.044,1.063,1.075,1.084,1.093,1.107
Joliette,QC,-73.45,46.02,0.28,0.31,1.006,1.022,1.023,1.03,1.03,1.038,1.039
Kuujjuaq,QC,-68.4,58.1,0.47,0.44,1.015,1.031,1.042,1.061,1.071,1.087,1.1
Kuujjuarapik,QC,-77.75,55.28,0.37,0.35,1.018,1.034,1.033,1.058,1.08,1.101,1.114
La Pocatière,QC,-70.04,47.37,0.39,0.36,0.998,0.994,1.007,1.023,1.026,1.025,1.024
Lachute,QC,-74.33,45.65,0.37,0.28,1.004,1.018,1.012,1.011,1.007,1.017,1.014
Lac-Mégantic,QC,-70.88,45.58,0.27,0.23,1.01,1.018,1.024,1.029,1.035,1.034,1.034
La-Malbaie,QC,-70.15,47.65,0.27,0.38,1.008,1.008,1.019,1.036,1.039,1.038,1.03
La-Tuque,QC,-72.78,47.43,0.31,0.19,1.01,1.015,1.021,1.034,1.041,1.049,1.05
Lennoxville,QC,-71.85,45.37,0.25,0.24,1.006,1.021,1.025,1.027,1.026,1.028,1.028
Léry,QC,-73.8,45.35,0.33,0.29,0.999,1.007,1.013,1.012,1.011,1.018,1.01
Loretteville,QC,-71.35,46.85,0.32,0.33,1.002,1.017,1.024,1.041,1.043,1.049,1.047
Louiseville,QC,-72.95,46.25,0.34,0.33,1.006,1.017,1.009,1.017,1.011,1.014,1.019
Magog,QC,-72.13,45.27,0.27,0.19,1.005,1.019,1.027,1.031,1.033,1.037,1.036
Malartic,QC,-78.13,48.13,0.25,0.25,1.01,1.02,1.029,1.04,1.045,1.058,1.064
Maniwaki,QC,-75.97,46.38,0.24,0.22,1.012,1.019,1.028,1.049,1.051,1.05,1.049
Masson,QC,-75.417,45.533,0.31,0.29,1.004,1.012,1.007,1.011,1.003,1.007,1.005
Matane,QC,-67.53,48.85,0.43,0.26,1.019,1.015,1.021,1.034,1.046,1.043,1.05
Mont-Joli,QC,-68.18,48.58,0.41,0.34,1.017,1.013,1.032,1.048,1.054,1.046,1.043
Mont-Laurier,QC,-75.5,46.55,0.23,0.22,1.008,1.012,1.018,1.037,1.037,1.04,1.036
Montmagny,QC,-70.55,46.98,0.37,0.34,1.006,1.013,1.02,1.036,1.033,1.034,1.03
Beaconsfield,QC,-73.87,45.43,0.33,0.28,1,1.01,1.013,1.011,1.011,1.019,1.014
Dorval,QC,-73.75,45.45,0.34,0.3,1,1.011,1.015,1.015,1.016,1.024,1.021
Laval,QC,-73.75,45.58,0.33,0.28,1.001,1.014,1.016,1.016,1.018,1.026,1.025
Montréal (city hall),QC,-73.554,45.509,0.34,0.28,1,1.013,1.018,1.02,1.023,1.031,1.03
Montréal-Est,QC,-73.52,45.63,0.34,0.27,1.001,1.015,1.019,1.023,1.026,1.034,1.033
Montréal-Nord,QC,-73.63,45.6,0.33,0.27,1.001,1.014,1.018,1.02,1.023,1.031,1.03
Outremont,QC,-73.62,45.52,0.34,0.27,1,1.013,1.017,1.018,1.021,1.03,1.029
Pierrefonds,QC,-73.87,45.48,0.33,0.29,1,1.011,1.014,1.012,1.012,1.021,1.017
St-Lambert,QC,-73.5,45.5,0.34,0.32,1,1.013,1.019,1.021,1.025,1.033,1.032
St-Laurent,QC,-73.67,45.5,0.34,0.28,1,1.012,1.017,1.017,1.02,1.028,1.026
Ste-Anne-de-Bellevue,QC,-73.93,45.42,0.33,0.26,1,1.008,1.011,1.009,1.007,1.015,1.008
Verdun,QC,-73.57,45.45,0.34,0.31,0.999,1.011,1.017,1.018,1.022,1.029,1.026
Nicolet (Gentilly),QC,-72.28,46.4,0.33,0.35,0.997,1.009,1,1.013,1.007,1.014,1.022
Nitchequon,QC,-70.91,53.21,0.29,0.31,1.034,1.076,1.101,1.11,1.12,1.136,1.147
Noranda,QC,-79.02,48.25,0.27,0.24,1.007,1.011,1.016,1.022,1.03,1.034,1.04
Percé,QC,-64.22,48.53,0.49,0.43,1.019,1.031,1.048,1.07,1.079,1.085,1.093
Pincourt,QC,-73.98,45.38,0.33,0.26,1,1.007,1.011,1.008,1.005,1.013,1.005
Plessisville,QC,-71.78,46.22,0.27,0.28,1.007,1.016,1.014,1.021,1.013,1.017,1.022
Port-Cartier,QC,-66.87,50.02,0.42,0.5,1.021,1.03,1.062,1.076,1.088,1.086,1.1
Puvinrituq,QC,-77.283,60.033,0.47,0.42,1.016,1.028,1.04,1.054,1.062,1.07,1.085
Ancienne-Lorette,QC,-71.38,46.78,0.32,0.32,1.002,1.015,1.02,1.037,1.037,1.041,1.041
Lévis,QC,-71.18,46.8,0.32,0.36,1.003,1.016,1.023,1.04,1.038,1.043,1.04
Québec,QC,-71.23,46.8,0.32,0.35,1.003,1.016,1.023,1.04,1.04,1.045,1.042
Sillery,QC,-71.25,46.77,0.32,0.34,1.002,1.015,1.021,1.038,1.037,1.041,1.039
Ste-Foy,QC,-71.28,46.78,0.32,0.33,1.002,1.015,1.022,1.039,1.038,1.043,1.041
Richmond,QC,-72.15,45.67,0.25,0.23,1.006,1.017,1.021,1.023,1.022,1.024,1.026
Rimouski,QC,-68.55,48.43,0.41,0.31,1.016,1.008,1.027,1.045,1.054,1.054,1.047
Rivière-du-Loup,QC,-69.53,47.83,0.39,0.33,1.005,1.002,1.014,1.032,1.032,1.029,1.022
Roberval,QC,-72.23,48.52,0.27,0.28,1.01,1.014,1.018,1.032,1.046,1.058,1.052
Rock-Island,QC,-72.1,45.04,0.27,0.19,1.005,1.02,1.027,1.031,1.035,1.042,1.04
Rosemère,QC,-73.8,45.63,0.31,0.27,1.001,1.015,1.016,1.016,1.017,1.026,1.025
Rouyn,QC,-79.02,48.23,0.27,0.24,1.007,1.011,1.016,1.022,1.03,1.034,1.04
Saguenay,QC,-71.07,48.43,0.28,0.28,1.01,1.01,1.016,1.02,1.026,1.028,1.027
Saguenay (Bagotville),QC,-70.88,48.35,0.3,0.29,1.012,1.01,1.018,1.018,1.027,1.028,1.026
Saguenay (Jonquière),QC,-71.22,48.42,0.27,0.28,1.011,1.014,1.02,1.025,1.032,1.034,1.034
Saguenay (Kénogami),QC,-71.25,48.42,0.27,0.28,1.011,1.014,1.02,1.025,1.032,1.034,1.034
Saint-Eustache,QC,-73.9,45.56,0.29,0.29,1,1.013,1.014,1.012,1.012,1.021,1.019
Saint-Jean-sur-Richelieu,QC,-73.26,45.31,0.32,0.31,1,1.006,1.011,1.016,1.02,1.024,1.022
Salaberry-de-Valleyfield,QC,-74.13,45.25,0.33,0.26,0.999,1.002,1.006,1.001,0.994,1.001,0.987
Schefferville,QC,-66.83,54.8,0.33,0.35,1.038,1.069,1.088,1.11,1.122,1.152,1.166
Senneterre,QC,-77.23,48.38,0.25,0.23,1.016,1.023,1.031,1.042,1.047,1.05,1.054
Sept-Îles,QC,-66.38,50.2,0.42,0.36,1.02,1.03,1.056,1.066,1.075,1.075,1.091
Shawinigan,QC,-72.75,46.55,0.27,0.27,1.004,1.011,1.007,1.018,1.017,1.023,1.03
Shawville,QC,-76.48,45.6,0.27,0.29,1.001,1.004,1,1.007,0.998,0.994,0.992
Sherbrooke,QC,-71.9,45.42,0.25,0.23,1.006,1.02,1.024,1.027,1.025,1.027,1.027
Sorel,QC,-73.12,46.03,0.34,0.35,1.005,1.02,1.019,1.026,1.024,1.03,1.032
Ste-Agathe-des-Monts,QC,-74.28,46.05,0.27,0.29,1.009,1.025,1.019,1.026,1.02,1.03,1.03
St-Félicien,QC,-72.45,48.65,0.39,0.27,1.007,1.008,1.015,1.028,1.043,1.052,1.051
St-Georges-de-Cacouna,QC,-69.5,47.92,0.34,0.33,1.007,1.003,1.015,1.032,1.032,1.028,1.022
St-Hubert,QC,-73.42,45.5,0.31,0.35,1,1.013,1.019,1.022,1.027,1.035,1.034
St-Hubert-de-Rivière-du-Loup,QC,-69.15,47.817,0.27,0.28,1.005,1,1.013,1.028,1.027,1.025,1.024
St-Hyacinthe,QC,-72.95,45.62,0.29,0.31,1,1.011,1.016,1.018,1.021,1.029,1.027
St-Jérôme,QC,-74,45.78,0.26,0.27,1.004,1.018,1.014,1.016,1.013,1.023,1.023
St-Jovite,QC,-74.6,46.12,0.33,0.23,1.011,1.026,1.021,1.028,1.022,1.032,1.032
St-Lazare-Hudson,QC,-74.14,45.4,0.33,0.26,1,1.008,1.009,1.005,1,1.009,1
St-Nicolas,QC,-71.4,46.7,0.27,0.32,1.001,1.013,1.018,1.035,1.033,1.037,1.038
Sutton,QC,-72.62,45.1,0.29,0.21,1.004,1.009,1.014,1.013,1.017,1.022,1.021
Tadoussac,QC,-69.72,48.15,0.41,0.31,1.013,1.008,1.021,1.03,1.035,1.031,1.027
Témiscaming,QC,-79.1,46.72,0.25,0.22,1.016,1.022,1.016,1.03,1.032,1.048,1.051
Terrebonne,QC,-73.63,45.69,0.31,0.25,1.002,1.016,1.018,1.022,1.023,1.031,1.031
Thetford Mines,QC,-71.3,46.08,0.27,0.25,1.012,1.022,1.024,1.03,1.02,1.023,1.022
Thurso,QC,-75.25,45.6,0.31,0.27,1.006,1.016,1.01,1.014,1.006,1.011,1.009
Trois-Rivières,QC,-72.55,46.35,0.34,0.35,1.001,1.013,1.003,1.015,1.011,1.017,1.025
Val-d'Or,QC,-77.78,48.1,0.25,0.28,1.014,1.024,1.035,1.048,1.054,1.066,1.071
Varennes,QC,-73.43,45.68,0.31,0.29,1.002,1.017,1.021,1.025,1.028,1.036,1.036
Verchères,QC,-73.35,45.78,0.34,0.31,1.002,1.019,1.023,1.028,1.031,1.039,1.039
Victoriaville,QC,-71.97,46.05,0.27,0.29,1.011,1.021,1.016,1.019,1.013,1.018,1.023
Ville-Marie,QC,-79.43,47.33,0.31,0.24,1.004,1.006,1.005,1.017,1.015,1.025,1.031
Wakefield,QC,-75.93,45.64,0.27,0.25,1.008,1.021,1.017,1.024,1.012,1.01,1.004
Waterloo,QC,-72.52,45.35,0.27,0.22,1.004,1.012,1.019,1.02,1.021,1.022,1.02
Windsor,QC,-72,45.57,0.25,0.21,1.006,1.019,1.024,1.026,1.024,1.025,1.027
Alma,NB,-64.95,45.6,0.37,0.35,1.02,1.04,1.038,1.046,1.057,1.064,1.078
Bathurst,NB,-65.65,47.62,0.37,0.33,1.013,1.025,1.039,1.055,1.059,1.063,1.075
Boiestown,NB,-66.419,46.455,0.3,0.25,1.028,1.049,1.061,1.066,1.072,1.08,1.089
Campbellton,NB,-66.67,48,0.35,0.25,1.024,1.029,1.038,1.052,1.057,1.048,1.052
Edmundston,NB,-68.33,47.37,0.3,0.29,1.008,1.014,1.032,1.043,1.047,1.043,1.049
Fredericton,NB,-66.65,45.95,0.3,0.25,1.031,1.054,1.07,1.077,1.086,1.099,1.111
Gagetown,NB,-66.16,45.79,0.31,0.23,1.025,1.047,1.061,1.073,1.086,1.095,1.109
Grand Falls,NB,-67.73,47.05,0.3,0.3,1.012,1.022,1.038,1.045,1.056,1.051,1.062
Miramichi,NB,-65.47,47.03,0.32,0.28,1.015,1.029,1.042,1.053,1.058,1.066,1.076
Moncton,NB,-64.78,46.1,0.39,0.34,1.015,1.034,1.05,1.055,1.06,1.06,1.079
Oromocto,NB,-66.48,45.84,0.3,0.25,1.03,1.053,1.068,1.077,1.087,1.1,1.114
Sackville,NB,-64.37,45.88,0.38,0.41,1.014,1.034,1.049,1.054,1.053,1.05,1.061
Saint Andrews ,NB,-67.05,45.07,0.35,0.4,1.023,1.044,1.056,1.077,1.091,1.096,1.101
Saint George ,NB,-66.82,45.13,0.35,0.39,1.024,1.044,1.056,1.075,1.088,1.094,1.099
Saint John,NB,-66.05,45.267,0.41,0.45,1.019,1.041,1.048,1.061,1.066,1.073,1.081
Shippagan,NB,-64.7,47.73,0.49,0.41,1.018,1.036,1.054,1.067,1.071,1.076,1.088
St. Stephen,NB,-67.28,45.2,0.33,0.34,1.022,1.044,1.06,1.077,1.095,1.102,1.111
Woodstock,NB,-67.6,46.16,0.29,0.26,1.028,1.044,1.053,1.062,1.076,1.085,1.092
Amherst,NS,-64.2,45.83,0.37,0.38,1.011,1.03,1.044,1.049,1.047,1.044,1.054
Antigonish,NS,-62,45.62,0.42,0.32,0.986,0.989,0.985,0.991,0.981,1.001,1.014
Bridgewater,NS,-64.52,44.38,0.43,0.38,1.02,1.043,1.063,1.067,1.078,1.081,1.113
Canso,NS,-61,45.33,0.48,0.47,1.002,1.01,1.008,1.017,1.02,1.032,1.055
Dartmouth,NS,-63.57,44.67,0.37,0.42,1.011,1.03,1.034,1.04,1.043,1.056,1.091
Debert,NS,-63.47,45.43,0.43,0.35,1.009,1.024,1.047,1.058,1.061,1.06,1.087
Digby,NS,-65.77,44.62,0.42,0.31,1.008,1.031,1.05,1.061,1.061,1.06,1.076
Greenwood (CFB),NS,-64.9,44.98,0.45,0.36,1.011,1.028,1.041,1.048,1.054,1.056,1.072
Halifax,NS,-63.6,44.65,0.45,0.42,1.011,1.03,1.034,1.041,1.044,1.057,1.091
Kentville,NS,-64.5,45.08,0.42,0.37,1.016,1.026,1.036,1.046,1.06,1.068,1.089
Liverpool,NS,-64.72,44.03,0.48,0.39,1.015,1.039,1.05,1.057,1.063,1.072,1.109
Lockeport,NS,-65.12,43.7,0.47,0.39,1.016,1.042,1.056,1.063,1.068,1.077,1.115
Louisburg,NS,-59.98,45.92,0.51,0.43,1.004,1.005,1.007,1.02,1.032,1.037,1.051
Lunenburg,NS,-64.32,44.38,0.48,0.46,1.015,1.034,1.042,1.05,1.059,1.067,1.103
New Glasgow,NS,-62.65,45.58,0.43,0.32,0.994,1.004,1.017,1.025,1.019,1.025,1.04
North Sydney,NS,-60.25,46.22,0.46,0.46,1.001,0.998,1.001,1.015,1.028,1.031,1.041
Pictou,NS,-62.72,45.68,0.43,0.32,0.994,1.002,1.011,1.017,1.008,1.016,1.028
Port Hawkesbury,NS,-61.35,45.62,0.48,0.38,0.994,0.996,0.994,1.001,0.999,1.016,1.035
Springhill,NS,-64.05,45.65,0.37,0.33,1.009,1.026,1.04,1.047,1.048,1.051,1.062
Stewiacke,NS,-63.35,45.13,0.39,0.4,1.014,1.031,1.039,1.049,1.057,1.065,1.105
Sydney,NS,-60.18,46.15,0.46,0.41,1.003,1,1.002,1.019,1.036,1.037,1.048
Tatamagouche,NS,-63.3,45.72,0.43,0.33,1,1.013,1.028,1.034,1.026,1.027,1.038
Truro,NS,-63.27,45.37,0.37,0.36,1.009,1.024,1.042,1.053,1.058,1.06,1.092
Wolfville,NS,-64.37,45.08,0.42,0.36,1.015,1.026,1.037,1.049,1.062,1.072,1.092
Yarmouth,NS,-66.12,43.83,0.44,0.35,1.016,1.037,1.046,1.055,1.056,1.068,1.092
Charlottetown,PE,-63.133,46.233,0.44,0.34,1.002,1.015,1.025,1.028,1.02,1.026,1.036
Souris,PE,-62.25,46.35,0.45,0.42,0.988,0.992,0.988,0.993,0.984,1.002,1.014
Summerside,PE,-63.783,46.4,0.47,0.43,1.023,1.044,1.063,1.06,1.058,1.058,1.07
Tignish,PE,-64.03,46.95,0.51,0.47,1.022,1.043,1.061,1.059,1.058,1.058,1.07
Argentia,NL,-53.98,47.3,0.59,0.55,1.014,1.025,1.021,1.033,1.036,1.035,1.031
Bonavista,NL,-53.12,48.65,0.66,0.66,1.007,1.013,1.007,1.01,1.014,1.008,0.999
Buchans,NL,-56.867,48.817,0.47,0.32,1.018,1.024,1.027,1.04,1.034,1.041,1.051
Cape Harrison,NL,-57.95,54.78,0.47,0.77,0.992,0.997,0.992,0.998,0.995,0.989,0.98
Cape Race,NL,-53.07,46.65,0.82,0.51,1.01,1.021,1.026,1.039,1.048,1.047,1.038
Channel-Port aux Basques,NL,-59.15,47.57,0.61,0.63,1.002,1.002,1.002,1.021,1.026,1.029,1.036
Corner Brook,NL,-57.95,48.95,0.43,0.3,1.009,1.009,1.025,1.043,1.04,1.035,1.044
Gander,NL,-54.59,48.98,0.47,0.47,1.009,1.017,1.016,1.02,1.018,1.013,1.023
Grand Bank,NL,-55.77,47.1,0.58,0.49,1.011,1.017,1.016,1.035,1.034,1.036,1.041
Grand Falls,NL,-55.67,48.93,0.47,0.35,1.008,1.013,1.021,1.037,1.03,1.026,1.036
Happy Valley-Goose Bay,NL,-60.37,53.32,0.33,0.32,1.026,1.044,1.045,1.068,1.075,1.095,1.104
Labrador City,NL,-66.92,52.95,0.31,0.26,1.041,1.053,1.069,1.082,1.095,1.118,1.124
St. Anthony,NL,-55.58,51.37,0.68,0.58,1.005,1.007,1.009,1.022,1.035,1.038,1.052
St. John's,NL,-52.72,47.57,0.61,0.55,1.009,1.019,1.023,1.036,1.043,1.042,1.033
Stephenville,NL,-58.58,48.55,0.45,0.46,1.005,1.007,1.014,1.036,1.033,1.033,1.039
Twin Falls,NL,-64.53,53.5,0.31,0.28,1.039,1.069,1.079,1.1,1.105,1.14,1.153
Wabana,NL,-52.95,47.63,0.59,0.5,1.007,1.017,1.017,1.028,1.035,1.032,1.021
Wabush,NL,-66.87,52.92,0.31,0.25,1.04,1.051,1.067,1.08,1.093,1.115,1.121
Aishihik,YT,-137.517,61.6,0.27,0.31,0.996,0.993,1.007,1.017,1.029,1.032,1.049
Dawson,YT,-139.42,64.07,0.22,0.22,0.987,0.988,1.004,1.023,1.047,1.058,1.066
Destruction Bay,YT,-138.8,61.25,0.42,0.45,0.999,0.993,1.001,1.01,1.022,1.022,1.024
Faro,YT,-133.357,62.227,0.26,0.25,0.994,0.988,0.996,1.019,1.034,1.048,1.056
Haines Junction,YT,-137.54,60.78,0.24,0.26,1,0.998,1.009,1.019,1.031,1.034,1.04
Snag,YT,-140.37,62.4,0.22,0.22,0.976,0.971,0.977,0.995,0.999,1.002,1.009
Teslin,YT,-132.72,60.17,0.26,0.21,1.01,1.009,1.02,1.027,1.047,1.067,1.091
Watson Lake,YT,-128.71,60.13,0.26,0.22,0.995,0.991,0.992,1.001,1.003,1.015,1.025
Whitehorse,YT,-135.05,60.72,0.29,0.26,1.015,1.012,1.028,1.045,1.064,1.073,1.089
Aklavik,NT,-135.01,68.23,0.31,0.17,1.004,1.007,1.018,1.034,1.052,1.069,1.096
Echo Bay / Port Radium,NT,-117.88,66.05,0.41,0.33,1.017,1.011,1.012,0.999,1.012,1.019,1.027
Fort Good Hope,NT,-128.63,66.29,0.34,0.3,0.998,1.001,0.984,0.988,0.997,1.005,1.018
Fort McPherson ,NT,-134.88,67.43,0.31,0.27,0.995,0.999,1.004,1.016,1.039,1.053,1.07
Fort Providence,NT,-117.65,61.35,0.27,0.37,1.007,0.997,0.999,0.999,0.998,0.992,0.983
Fort Resolution,NT,-113.67,61.19,0.3,0.28,1.003,1.005,1.009,1.01,1.004,1.001,0.999
Fort Simpson,NT,-121.35,61.93,0.3,0.21,0.991,0.983,0.986,0.986,0.983,0.981,0.981
Fort Smith,NT,-111.88,60,0.3,0.28,1.007,1.005,1,0.988,0.982,0.979,0.979
Hay River,NT,-115.733,60.85,0.27,0.27,1.007,1.003,1.006,1,0.998,0.991,0.998
Inuvik,NT,-133.72,68.35,0.31,0.22,1.005,0.995,1.013,1.029,1.04,1.06,1.077
Mould Bay,NT,-119.33,76.23,0.45,0.41,1,0.999,1.001,1.008,1.014,1.019,1.03
Norman Wells,NT,-126.85,65.283,0.34,0.29,0.993,0.99,0.974,0.98,0.99,1.002,1.009
Rae-Edzo,NT,-116.05,62.83,0.31,0.28,1.005,0.996,1.003,1.006,1.004,1.003,0.999
Tungsten,NT,-128.27,61.95,0.34,0.51,1.002,1.004,1.012,1.011,1.023,1.03,1.038
Ulukhaqtuuq / Holman,NT,-117.75,70.73,0.67,0.45,1.008,1.011,1.012,1.013,1.02,1.027,1.027
Wrigley,NT,-123.47,63.23,0.3,0.35,0.995,0.992,0.999,0.994,0.98,0.986,0.988
Yellowknife,NT,-114.35,62.48,0.31,0.31,0.998,0.99,1.003,1.012,1.005,1.005,0.995
Alert,NU,-62.25,82.48,0.59,0.41,0.999,1,0.992,0.996,1,1.01,1.015
Arctic Bay,NU,-85.17,73.03,0.43,0.36,0.997,0.992,0.985,0.989,0.995,1.007,1.004
Arviat,NU,-94.05,61.12,0.45,0.5,1.001,0.998,1.01,1.009,1.014,1.019,1.026
Baker Lake,NU,-96.02,64.32,0.42,0.47,0.995,0.994,1.001,1.008,1.011,1.005,1.004
Eureka,NU,-85.95,79.983,0.43,0.41,0.999,1,0.992,0.996,1,1.01,1.015
Igluligaarjuk / Chesterfield Inlet,NU,-90.7,63.33,0.39,0.49,1.016,1.014,1.018,1.023,1.03,1.034,1.033
Iqaluit,NU,-68.5,63.73,0.44,0.46,1.006,0.997,0.997,1.012,1.027,1.041,1.034
Iqaluktuuttiaq / Cambridge Bay,NU,-105.03,69.12,0.51,0.38,0.986,0.989,1.002,1.018,1.018,1.013,1.018
Isachsen,NU,-103.53,78.78,0.47,0.41,1.007,1.006,1.002,1.004,1.012,1.024,1.029
Kangiqiniq / Rankin Inlet,NU,-92.08,62.82,0.47,0.46,1.017,1.014,1.023,1.026,1.035,1.039,1.036
Kanngiqtugaapik / Clyde River,NU,-68.57,70.45,0.43,0.37,0.995,0.993,0.987,0.992,1.004,1.014,1.012
Kugluktuk,NU,-115.08,67.83,0.36,0.38,0.987,0.981,0.987,0.991,0.998,1.006,1.007
Nottingham Island,NU,-78,63.1,0.61,0.46,1.01,1.016,1.017,1.035,1.048,1.055,1.058
Resolute,NU,-94.9,74.68,0.46,0.41,1.008,1.005,1,1.001,1.007,1.02,1.026
Resolution Island,NU,-64.883,61.3,0.96,0.41,1.018,1.016,1.015,1.026,1.036,1.05,1.062
Salliq / Coral Harbour,NU,-83.17,64.13,0.45,0.43,1.011,1.012,1.004,1.013,1.029,1.044,1.054
